council,Year,Estimated resident population (no.),Population density (persons/km2),Estimated resident population - males (no.),Estimated resident population - females (no.),Median age - males (years),Median age - females (years),Median age - persons (years),Working age population (aged 15-64 years) (no.),Working age population (aged 15-64 years) (%),Males - 0-4 years (no.),Males - 5-9 years (no.),Males - 10-14 years (no.),Males - 15-19 years (no.),Males - 20-24 years (no.),Males - 25-29 years (no.),Males - 30-34 years (no.),Males - 35-39 years (no.),Males - 40-44 years (no.),Males - 45-49 years (no.),Males - 50-54 years (no.),Males - 55-59 years (no.),Males - 60-64 years (no.),Males - 65-69 years (no.),Males - 70-74 years (no.),Males - 75-79 years (no.),Males - 80-84 years (no.),Males - 85 and over (no.),Males - 0-4 years (%),Males - 5-9 years (%),Males - 10-14 years (%),Males - 15-19 years (%),Males - 20-24 years (%),Males - 25-29 years (%),Males - 30-34 years (%),Males - 35-39 years (%),Males - 40-44 years (%),Males - 45-49 years (%),Males - 50-54 years (%),Males - 55-59 years (%),Males - 60-64 years (%),Males - 65-69 years (%),Males - 70-74 years (%),Males - 75-79 years (%),Males - 80-84 years (%),Males - 85 and over (%),Females - 0-4 years (no.),Females - 5-9 years (no.),Females - 10-14 years (no.),Females - 15-19 years (no.),Females - 20-24 years (no.),Females - 25-29 years (no.),Females - 30-34 years (no.),Females - 35-39 years (no.),Females - 40-44 years (no.),Females - 45-49 years (no.),Females - 50-54 years (no.),Females - 55-59 years (no.),Females - 60-64 years (no.),Females - 65-69 years (no.),Females - 70-74 years (no.),Females - 75-79 years (no.),Females - 80-84 years (no.),Females - 85 and over (no.),Females - 0-4 years (%),Females - 5-9 years (%),Females - 10-14 years (%),Females - 15-19 years (%),Females - 20-24 years (%),Females - 25-29 years (%),Females - 30-34 years (%),Females - 35-39 years (%),Females - 40-44 years (%),Females - 45-49 years (%),Females - 50-54 years (%),Females - 55-59 years (%),Females - 60-64 years (%),Females - 65-69 years (%),Females - 70-74 years (%),Females - 75-79 years (%),Females - 80-84 years (%),Females - 85 and over (%),Persons - 0-4 years (no.),Persons - 5-9 years (no.),Persons - 10-14 years (no.),Persons - 15-19 years (no.),Persons - 20-24 years (no.),Persons - 25-29 years (no.),Persons - 30-34 years (no.),Persons - 35-39 years (no.),Persons - 40-44 years (no.),Persons - 45-49 years (no.),Persons - 50-54 years (no.),Persons - 55-59 years (no.),Persons - 60-64 years (no.),Persons - 65-69 years (no.),Persons - 70-74 years (no.),Persons - 75-79 years (no.),Persons - 80-84 years (no.),Persons - 85 and over (no.),Persons - 0-4 years (%),Persons - 5-9 years (%),Persons - 10-14 years (%),Persons - 15-19 years (%),Persons - 20-24 years (%),Persons - 25-29 years (%),Persons - 30-34 years (%),Persons - 35-39 years (%),Persons - 40-44 years (%),Persons - 45-49 years (%),Persons - 50-54 years (%),Persons - 55-59 years (%),Persons - 60-64 years (%),Persons - 65-69 years (%),Persons - 70-74 years (%),Persons - 75-79 years (%),Persons - 80-84 years (%),Persons - 85 and over (%),Births (no.),Total fertility rate (births per female) (rate),Deaths (no.),"Standardised death rate (per 1,000 people) (rate)",Internal arrivals (no.),Internal departures (no.),Net internal migration (no.),Overseas arrivals (no.),Overseas departures (no.),Net overseas migration (no.),Aboriginal and Torres Strait Islander Peoples (no.),Aboriginal and Torres Strait Islander Peoples (%),Born in Oceania and Antarctica (excluding Australia) (%),Born in North-West Europe (%),Born in Southern and Eastern Europe (%),Born in North Africa and the Middle East (%),Born in South-East Asia (%),Born in North-East Asia (%),Born in Southern and Central Asia (%),Born in Americas (%),Born in Sub-Saharan Africa (%),Total born overseas (no.),Total born overseas (%),Buddhism (%),Christianity (%),Hinduism (%),Islam (%),Judaism (%),Other religions (%),"Secular beliefs, other spiritual beliefs or no religion (%)",Religious affiliation inadequately described or not stated (%),Australian citizen (no.),Not an Australian citizen (no.),Australian citizenship not stated (no.),Australian citizen (%),Not an Australian citizen (%),Australian citizenship not stated (%),Speaks a language other than English at home (no.),Speaks a language other than English at home (%),Currently serving in the Australian Defence Force (no.),Previously served in the Australian Defence Force (no.),Currently serving in the Australian Defence Force (%),Previously served in the Australian Defence Force (%),
Alpine Shire Council,2021,"13,166",2.7,"6,553","6,613",48.2,49.4,48.8,"7,751",58.9,290,361,417,350,279,335,290,341,370,411,428,497,574,520,458,296,184,152,4.4,5.5,6.4,5.3,4.3,5.1,4.4,5.2,5.6,6.3,6.5,7.6,8.8,7.9,7.0,4.5,2.8,2.3,260,325,395,300,266,273,312,356,406,471,430,495,567,490,450,353,218,246,3.9,4.9,6.0,4.5,4.0,4.1,4.7,5.4,6.1,7.1,6.5,7.5,8.6,7.4,6.8,5.3,3.3,3.7,550,686,812,650,545,608,602,697,776,882,858,992,"1,141","1,010",908,649,402,398,4.2,5.2,6.2,4.9,4.1,4.6,4.6,5.3,5.9,6.7,6.5,7.5,8.7,7.7,6.9,4.9,3.1,3.0,109,1.58,134,5.6,928,773,155,18,32,-14,137,1.0,1.4,6.3,2.6,0.1,1.4,0.4,0.6,1.0,0.4,"1,878",14.2,0.6,40.9,0.5,0.2,0.1,0.5,48.5,8.7,"11,751",651,834,88.8,4.9,6.3,916,6.9,20,352,0.2,3.1,
Ararat Rural City Council,2021,"11,827",2.8,"6,278","5,549",45.1,47.4,46.2,"7,173",60.6,297,329,325,294,307,409,436,386,346,383,439,441,480,444,396,247,186,133,4.7,5.2,5.2,4.7,4.9,6.5,6.9,6.1,5.5,6.1,7.0,7.0,7.6,7.1,6.3,3.9,3.0,2.1,282,295,297,274,269,282,338,286,296,321,367,403,416,394,362,271,188,208,5.1,5.3,5.4,4.9,4.8,5.1,6.1,5.2,5.3,5.8,6.6,7.3,7.5,7.1,6.5,4.9,3.4,3.7,579,624,622,568,576,691,774,672,642,704,806,844,896,838,758,518,374,341,4.9,5.3,5.3,4.8,4.9,5.8,6.5,5.7,5.4,6.0,6.8,7.1,7.6,7.1,6.4,4.4,3.2,2.9,103,1.84,128,5.8,763,768,-5,16,28,-12,225,1.9,2.1,3.3,0.9,0.4,1.3,0.8,1.7,0.4,0.3,"1,342",11.3,0.5,38.4,0.7,0.7,0.1,0.5,44.6,14.5,"9,866",605,"1,410",83.0,5.1,11.9,595,5.0,3,280,-,2.8,
Ballarat City Council,2021,"113,504",153.6,"54,892","58,612",36.8,40.1,38.5,"70,941",62.5,"3,391","3,819","3,879","3,540","3,645","4,117","3,758","3,495","3,158","3,348","3,232","3,207","3,023","2,803","2,536","1,772","1,166","1,003",6.2,7.0,7.1,6.4,6.6,7.5,6.8,6.4,5.8,6.1,5.9,5.8,5.5,5.1,4.6,3.2,2.1,1.8,"3,348","3,529","3,648","3,431","3,682","4,075","3,776","3,762","3,619","3,627","3,516","3,467","3,463","3,272","2,984","2,146","1,459","1,808",5.7,6.0,6.2,5.9,6.3,7.0,6.4,6.4,6.2,6.2,6.0,5.9,5.9,5.6,5.1,3.7,2.5,3.1,"6,739","7,348","7,527","6,971","7,327","8,192","7,534","7,257","6,777","6,975","6,748","6,674","6,486","6,075","5,520","3,918","2,625","2,811",5.9,6.5,6.6,6.1,6.5,7.2,6.6,6.4,6.0,6.1,5.9,5.9,5.7,5.4,4.9,3.5,2.3,2.5,"1,358",1.70,928,5.9,"7,162","5,484","1,678",140,260,-120,"2,094",1.8,1.0,3.7,0.7,0.3,1.3,0.9,2.3,0.6,0.6,"12,846",11.3,0.8,42.0,1.2,0.7,-,1.0,48.0,6.4,"102,797","5,890","5,070",90.4,5.2,4.5,"7,976",7.0,111,"2,455",0.1,2.7,
Banyule City Council,2021,"127,370","2,036.6","62,250","65,120",39.1,41.5,40.3,"81,063",63.6,"3,712","4,066","3,885","3,656","3,769","3,877","4,435","4,609","4,372","4,334","3,979","3,536","3,493","2,985","2,835","2,100","1,340","1,267",6.0,6.5,6.2,5.9,6.1,6.2,7.1,7.4,7.0,7.0,6.4,5.7,5.6,4.8,4.6,3.4,2.2,2.0,"3,534","3,864","3,827","3,248","3,433","3,843","4,567","4,787","4,619","4,470","4,161","3,973","3,902","3,470","3,245","2,350","1,752","2,075",5.4,5.9,5.9,5.0,5.3,5.9,7.0,7.4,7.1,6.9,6.4,6.1,6.0,5.3,5.0,3.6,2.7,3.2,"7,246","7,930","7,712","6,904","7,202","7,720","9,002","9,396","8,991","8,804","8,140","7,509","7,395","6,455","6,080","4,450","3,092","3,342",5.7,6.2,6.1,5.4,5.7,6.1,7.1,7.4,7.1,6.9,6.4,5.9,5.8,5.1,4.8,3.5,2.4,2.6,"1,413",1.55,878,4.8,"8,876","11,131","-2,255",353,"1,038",-685,866,0.7,1.3,4.6,4.5,1.6,3.0,4.0,3.1,1.1,1.2,"30,864",24.4,1.9,44.5,1.8,2.4,0.1,0.6,43.6,4.9,"111,589","10,989","3,654",88.4,8.7,2.9,"27,548",21.8,667,"2,120",0.6,2.0,
Bass Coast Shire Council,2021,"40,675",47.0,"19,873","20,802",50.5,51.8,51.2,"22,646",55.7,949,"1,129","1,141",929,759,835,913,"1,064",975,"1,105","1,248","1,393","1,733","1,812","1,626","1,089",668,505,4.8,5.7,5.7,4.7,3.8,4.2,4.6,5.4,4.9,5.6,6.3,7.0,8.7,9.1,8.2,5.5,3.4,2.5,945,"1,020","1,098",903,695,865,"1,043","1,135","1,080","1,153","1,289","1,612","1,917","1,935","1,653","1,115",661,683,4.5,4.9,5.3,4.3,3.3,4.2,5.0,5.5,5.2,5.5,6.2,7.7,9.2,9.3,7.9,5.4,3.2,3.3,"1,894","2,149","2,239","1,832","1,454","1,700","1,956","2,199","2,055","2,258","2,537","3,005","3,650","3,747","3,279","2,204","1,329","1,188",4.7,5.3,5.5,4.5,3.6,4.2,4.8,5.4,5.1,5.6,6.2,7.4,9.0,9.2,8.1,5.4,3.3,2.9,370,1.70,401,5.2,"3,618","2,136","1,482",31,52,-21,465,1.1,1.6,8.0,1.7,0.2,1.1,0.4,0.9,0.7,0.6,"6,167",15.1,1.0,39.2,0.4,0.2,0.1,0.5,50.1,8.6,"36,214","2,098","2,479",88.8,5.1,6.1,"2,060",5.1,16,"1,090",-,3.1,
Baw Baw Shire Council,2021,"57,618",14.3,"28,174","29,444",40.5,42.1,41.3,"34,444",59.8,"1,799","1,859","2,030","1,600","1,489","1,669","1,811","1,688","1,524","1,603","1,725","1,768","1,818","1,733","1,653","1,121",760,524,6.4,6.6,7.2,5.7,5.3,5.9,6.4,6.0,5.4,5.7,6.1,6.3,6.5,6.2,5.9,4.0,2.7,1.9,"1,767","1,784","1,855","1,627","1,455","1,884","1,892","1,762","1,609","1,706","1,851","1,934","2,029","1,841","1,714","1,177",757,800,6.0,6.1,6.3,5.5,4.9,6.4,6.4,6.0,5.5,5.8,6.3,6.6,6.9,6.3,5.8,4.0,2.6,2.7,"3,566","3,643","3,885","3,227","2,944","3,553","3,703","3,450","3,133","3,309","3,576","3,702","3,847","3,574","3,367","2,298","1,517","1,324",6.2,6.3,6.7,5.6,5.1,6.2,6.4,6.0,5.4,5.7,6.2,6.4,6.7,6.2,5.8,4.0,2.6,2.3,726,1.92,453,5.3,"4,680","3,151","1,529",35,59,-24,724,1.3,1.3,5.7,1.1,0.2,0.9,0.6,1.0,0.5,0.7,"6,928",12.0,0.8,41.7,0.4,0.3,0.1,0.5,48.7,7.6,"51,936","2,619","3,071",90.1,4.5,5.3,"2,819",4.9,48,"1,315",0.1,2.8,
Bayside City Council,2021,"102,328","2,749.9","49,066","53,262",44.0,46.5,45.4,"62,954",61.5,"2,294","3,135","3,773","3,649","2,822","1,895","2,068","2,557","2,979","3,696","4,070","3,533","3,216","2,558","2,510","1,873","1,196","1,242",4.7,6.4,7.7,7.4,5.8,3.9,4.2,5.2,6.1,7.5,8.3,7.2,6.6,5.2,5.1,3.8,2.4,2.5,"2,315","2,912","3,693","3,403","2,468","1,870","2,319","2,964","3,481","4,232","4,387","3,924","3,421","3,027","2,899","2,242","1,514","2,191",4.3,5.5,6.9,6.4,4.6,3.5,4.4,5.6,6.5,7.9,8.2,7.4,6.4,5.7,5.4,4.2,2.8,4.1,"4,609","6,047","7,466","7,052","5,290","3,765","4,387","5,521","6,460","7,928","8,457","7,457","6,637","5,585","5,409","4,115","2,710","3,433",4.5,5.9,7.3,6.9,5.2,3.7,4.3,5.4,6.3,7.7,8.3,7.3,6.5,5.5,5.3,4.0,2.6,3.4,851,1.54,798,4.3,"7,554","8,303",-749,387,"1,514","-1,127",269,0.3,1.9,9.6,4.1,1.1,1.8,3.2,1.5,1.9,1.8,"27,164",26.8,1.2,44.5,0.8,0.7,2.9,0.3,44.5,5.1,"89,186","8,804","3,322",88.0,8.7,3.3,"15,645",15.4,81,"1,706",0.1,2.0,
Benalla Rural City Council,2021,"14,436",6.1,"7,057","7,379",49.7,52.1,51.0,"8,168",56.6,336,354,378,396,331,356,361,348,303,391,414,501,598,556,580,379,266,209,4.8,5.0,5.4,5.6,4.7,5.0,5.1,4.9,4.3,5.5,5.9,7.1,8.5,7.9,8.2,5.4,3.8,3.0,333,320,380,344,285,341,358,371,338,399,513,606,614,576,574,388,309,330,4.5,4.3,5.1,4.7,3.9,4.6,4.9,5.0,4.6,5.4,7.0,8.2,8.3,7.8,7.8,5.3,4.2,4.5,669,674,758,740,616,697,719,719,641,790,927,"1,107","1,212","1,132","1,154",767,575,539,4.6,4.7,5.3,5.1,4.3,4.8,5.0,5.0,4.4,5.5,6.4,7.7,8.4,7.8,8.0,5.3,4.0,3.7,136,1.86,175,5.8,"1,019",968,51,7,11,-4,284,2.0,0.9,4.7,0.8,0.2,0.7,0.3,1.1,0.4,0.3,"1,345",9.3,0.5,45.0,0.5,0.4,0.1,0.5,42.9,10.1,"12,902",533,"1,092",88.8,3.7,7.5,529,3.6,10,457,0.1,3.7,
Boroondara City Council,2021,"169,789","2,821.5","81,802","87,987",38.6,42.0,40.4,"111,784",65.8,"3,537","4,723","5,890","6,197","6,438","5,768","4,998","4,726","4,910","5,456","5,734","5,387","4,588","3,875","3,480","2,553","1,728","1,814",4.3,5.8,7.2,7.6,7.9,7.1,6.1,5.8,6.0,6.7,7.0,6.6,5.6,4.7,4.3,3.1,2.1,2.2,"3,383","4,431","5,706","5,936","6,184","5,604","5,177","5,384","5,662","6,319","6,475","5,810","5,031","4,359","4,056","3,091","2,292","3,087",3.8,5.0,6.5,6.7,7.0,6.4,5.9,6.1,6.4,7.2,7.4,6.6,5.7,5.0,4.6,3.5,2.6,3.5,"6,920","9,154","11,596","12,133","12,622","11,372","10,175","10,110","10,572","11,775","12,209","11,197","9,619","8,234","7,536","5,644","4,020","4,901",4.1,5.4,6.8,7.1,7.4,6.7,6.0,6.0,6.2,6.9,7.2,6.6,5.7,4.8,4.4,3.3,2.4,2.9,"1,228",1.15,"1,055",3.9,"12,782","15,918","-3,136","1,023","4,439","-3,416",436,0.3,1.6,4.6,3.0,1.2,5.4,10.4,3.7,1.6,1.0,"54,433",32.4,3.3,41.5,2.6,1.1,0.9,0.6,45.2,4.8,"141,659","21,467","4,772",84.4,12.8,2.8,"48,227",28.7,182,"2,135",0.1,1.5,
Brimbank City Council,2021,"196,631","1,593.5","98,892","97,739",36.4,38.8,37.6,"130,958",66.6,"5,876","6,175","5,791","5,728","7,331","8,718","7,736","7,217","6,226","6,033","5,974","6,020","5,429","4,666","4,021","2,777","1,832","1,342",5.9,6.2,5.9,5.8,7.4,8.8,7.8,7.3,6.3,6.1,6.0,6.1,5.5,4.7,4.1,2.8,1.9,1.4,"5,449","5,744","5,436","5,590","6,470","7,399","7,466","7,033","6,201","6,288","6,351","5,933","5,815","5,074","4,280","2,931","2,033","2,246",5.6,5.9,5.6,5.7,6.6,7.6,7.6,7.2,6.3,6.4,6.5,6.1,5.9,5.2,4.4,3.0,2.1,2.3,"11,325","11,919","11,227","11,318","13,801","16,117","15,202","14,250","12,427","12,321","12,325","11,953","11,244","9,740","8,301","5,708","3,865","3,588",5.8,6.1,5.7,5.8,7.0,8.2,7.7,7.2,6.3,6.3,6.3,6.1,5.7,5.0,4.2,2.9,2.0,1.8,"2,180",1.60,"1,164",5.3,"10,050","16,325","-6,275",791,"2,032","-1,241",853,0.4,2.3,1.8,10.4,3.0,18.9,1.6,7.2,1.3,1.6,"93,610",48.1,11.1,48.3,3.1,6.7,-,2.1,21.2,7.5,"152,193","31,694","10,733",78.2,16.3,5.5,"111,421",57.3,135,"1,198",0.1,0.7,
Buloke Shire Council,2021,"6,132",0.8,"3,178","2,954",51.6,52.4,52.0,"3,455",56.3,152,150,187,195,146,142,133,113,132,179,230,258,269,280,235,136,130,111,4.8,4.7,5.9,6.1,4.6,4.5,4.2,3.6,4.2,5.6,7.2,8.1,8.5,8.8,7.4,4.3,4.1,3.5,138,131,177,130,110,130,154,107,126,165,226,254,256,190,211,141,130,178,4.7,4.4,6.0,4.4,3.7,4.4,5.2,3.6,4.3,5.6,7.7,8.6,8.7,6.4,7.1,4.8,4.4,6.0,290,281,364,325,256,272,287,220,258,344,456,512,525,470,446,277,260,289,4.7,4.6,5.9,5.3,4.2,4.4,4.7,3.6,4.2,5.6,7.4,8.3,8.6,7.7,7.3,4.5,4.2,4.7,62,2.43,83,6.0,398,403,-5,4,8,-4,92,1.5,0.9,2.3,0.5,0.1,1.1,0.2,0.8,0.2,0.4,397,6.4,0.6,52.9,0.4,0.2,-,0.3,35.8,9.7,"5,470",198,512,88.5,3.2,8.3,206,3.3,-,139,-,2.7,
Campaspe Shire Council,2021,"38,556",8.5,"19,085","19,471",45.9,47.1,46.5,"22,501",58.4,998,"1,142","1,286","1,190",961,998,924,965,889,"1,144","1,233","1,333","1,483","1,343","1,198",913,607,478,5.2,6.0,6.7,6.2,5.0,5.2,4.8,5.1,4.7,6.0,6.5,7.0,7.8,7.0,6.3,4.8,3.2,2.5,971,"1,105","1,199","1,037",934,983,"1,028","1,008","1,024","1,159","1,344","1,443","1,421","1,348","1,137",917,664,749,5.0,5.7,6.2,5.3,4.8,5.0,5.3,5.2,5.3,6.0,6.9,7.4,7.3,6.9,5.8,4.7,3.4,3.8,"1,969","2,247","2,485","2,227","1,895","1,981","1,952","1,973","1,913","2,303","2,577","2,776","2,904","2,691","2,335","1,830","1,271","1,227",5.1,5.8,6.4,5.8,4.9,5.1,5.1,5.1,5.0,6.0,6.7,7.2,7.5,7.0,6.1,4.7,3.3,3.2,396,1.93,360,5.7,"2,550","2,457",93,20,31,-11,"1,169",3.0,1.1,2.8,0.8,0.1,1.3,0.3,0.7,0.2,0.2,"2,938",7.6,0.6,48.5,0.3,0.3,-,0.3,41.7,8.2,"34,865","1,455","2,420",90.0,3.8,6.2,"1,521",3.9,14,892,-,2.8,
Cardinia Shire Council,2021,"119,573",93.2,"59,187","60,386",33.8,34.9,34.4,"77,592",64.9,"4,786","4,905","4,309","3,831","3,709","4,317","4,930","4,817","3,986","3,754","3,395","2,998","2,616","2,167","1,855","1,375",829,608,8.1,8.3,7.3,6.5,6.3,7.3,8.3,8.1,6.7,6.3,5.7,5.1,4.4,3.7,3.1,2.3,1.4,1.0,"4,586","4,574","4,202","3,524","3,557","4,574","5,310","4,931","3,930","3,856","3,526","3,186","2,845","2,332","2,201","1,489",891,872,7.6,7.6,7.0,5.8,5.9,7.6,8.8,8.2,6.5,6.4,5.8,5.3,4.7,3.9,3.6,2.5,1.5,1.4,"9,372","9,479","8,511","7,355","7,266","8,891","10,240","9,748","7,916","7,610","6,921","6,184","5,461","4,499","4,056","2,864","1,720","1,480",7.8,7.9,7.1,6.2,6.1,7.4,8.6,8.2,6.6,6.4,5.8,5.2,4.6,3.8,3.4,2.4,1.4,1.2,"1,792",1.90,532,5.0,"10,208","8,625","1,583",137,350,-213,"1,145",1.0,2.1,5.6,1.6,1.1,2.3,0.9,7.5,0.8,1.5,"27,730",23.5,2.3,38.4,2.7,2.6,0.1,2.9,44.3,6.7,"100,982","11,814","5,405",85.4,10.0,4.6,"21,073",17.8,86,"1,662",0.1,1.8,
Casey City Council,2021,"369,558",902.6,"184,994","184,564",33.6,34.6,34.1,"245,954",66.6,"14,705","14,924","13,904","12,052","13,031","13,652","14,527","16,046","13,478","11,828","10,810","9,801","8,195","6,283","4,857","3,363","2,058","1,480",7.9,8.1,7.5,6.5,7.0,7.4,7.9,8.7,7.3,6.4,5.8,5.3,4.4,3.4,2.6,1.8,1.1,0.8,"13,932","14,339","12,994","11,412","11,959","13,411","15,676","16,072","12,936","11,801","10,996","9,772","8,499","6,648","5,454","3,634","2,493","2,536",7.5,7.8,7.0,6.2,6.5,7.3,8.5,8.7,7.0,6.4,6.0,5.3,4.6,3.6,3.0,2.0,1.4,1.4,"28,637","29,263","26,898","23,464","24,990","27,063","30,203","32,118","26,414","23,629","21,806","19,573","16,694","12,931","10,311","6,997","4,551","4,016",7.7,7.9,7.3,6.3,6.8,7.3,8.2,8.7,7.1,6.4,5.9,5.3,4.5,3.5,2.8,1.9,1.2,1.1,"5,464",1.87,"1,537",5.3,"23,597","21,261","2,336",960,"2,460","-1,500","2,395",0.7,3.5,3.7,3.5,2.3,4.9,2.1,18.7,1.0,2.3,"153,556",42.0,5.0,39.0,6.3,10.5,0.1,4.5,28.6,6.0,"292,657","57,307","15,278",80.1,15.7,4.2,"152,525",41.8,305,"3,136",0.1,1.1,
Central Goldfields Shire Council,2021,"13,388",8.7,"6,654","6,734",51.8,52.6,52.2,"7,316",54.6,275,351,401,349,297,296,298,247,276,362,481,492,524,552,541,412,292,208,4.1,5.3,6.0,5.2,4.5,4.4,4.5,3.7,4.1,5.4,7.2,7.4,7.9,8.3,8.1,6.2,4.4,3.1,257,330,375,330,261,297,319,299,283,385,432,525,563,561,550,403,282,282,3.8,4.9,5.6,4.9,3.9,4.4,4.7,4.4,4.2,5.7,6.4,7.8,8.4,8.3,8.2,6.0,4.2,4.2,532,681,776,679,558,593,617,546,559,747,913,"1,017","1,087","1,113","1,091",815,574,490,4.0,5.1,5.8,5.1,4.2,4.4,4.6,4.1,4.2,5.6,6.8,7.6,8.1,8.3,8.1,6.1,4.3,3.7,105,1.76,178,6.9,873,735,138,5,8,-3,304,2.3,1.0,5.1,0.9,0.1,0.9,0.2,0.6,0.3,0.2,"1,242",9.2,0.5,44.2,0.3,0.1,0.1,0.6,45.0,9.1,"12,154",455,867,90.1,3.4,6.4,403,3.0,7,420,0.1,3.6,
Colac Otway Shire Council,2021,"22,309",6.5,"11,241","11,068",43.9,46.7,45.3,"13,299",59.6,597,659,708,652,562,663,679,636,589,675,705,781,825,795,678,488,311,238,5.3,5.9,6.3,5.8,5.0,5.9,6.0,5.7,5.2,6.0,6.3,6.9,7.3,7.1,6.0,4.3,2.8,2.1,553,624,629,556,477,629,643,624,597,659,752,792,803,804,731,467,335,393,5.0,5.6,5.7,5.0,4.3,5.7,5.8,5.6,5.4,6.0,6.8,7.2,7.3,7.3,6.6,4.2,3.0,3.6,"1,150","1,283","1,337","1,208","1,039","1,292","1,322","1,260","1,186","1,334","1,457","1,573","1,628","1,599","1,409",955,646,631,5.2,5.8,6.0,5.4,4.7,5.8,5.9,5.6,5.3,6.0,6.5,7.1,7.3,7.2,6.3,4.3,2.9,2.8,205,1.73,208,5.6,"1,153","1,266",-113,21,37,-16,309,1.4,1.3,3.7,0.8,0.3,1.0,1.7,0.9,0.3,0.3,"2,300",10.3,0.8,43.3,0.4,0.4,0.1,0.4,46.2,8.6,"19,772","1,299","1,353",88.2,5.8,6.0,"1,310",5.8,6,465,-,2.5,
Corangamite Shire Council,2021,"16,030",3.6,"8,092","7,938",46.8,48.7,47.7,"9,441",58.9,394,439,560,499,410,426,417,365,402,460,564,632,631,574,541,372,216,190,4.9,5.4,6.9,6.2,5.1,5.3,5.2,4.5,5.0,5.7,7.0,7.8,7.8,7.1,6.7,4.6,2.7,2.3,361,446,498,433,322,380,387,436,379,466,557,615,660,533,465,389,304,307,4.5,5.6,6.3,5.5,4.1,4.8,4.9,5.5,4.8,5.9,7.0,7.7,8.3,6.7,5.9,4.9,3.8,3.9,755,885,"1,058",932,732,806,804,801,781,926,"1,121","1,247","1,291","1,107","1,006",761,520,497,4.7,5.5,6.6,5.8,4.6,5.0,5.0,5.0,4.9,5.8,7.0,7.8,8.1,6.9,6.3,4.7,3.2,3.1,153,1.86,180,6.2,956,"1,028",-72,10,18,-8,200,1.2,1.9,3.2,0.4,0.1,0.7,0.2,0.4,0.4,0.2,"1,190",7.4,0.3,48.7,0.1,0.2,0.1,0.3,41.6,8.6,"14,525",604,988,90.1,3.7,6.1,410,2.5,-,335,-,2.5,
Darebin City Council,2021,"150,296","2,810.8","73,420","76,876",36.5,38.1,37.3,"105,840",70.4,"4,184","3,823","3,720","3,438","4,999","6,950","7,463","6,601","5,253","5,125","4,915","3,962","3,421","2,636","2,201","1,715","1,490","1,524",5.7,5.2,5.1,4.7,6.8,9.5,10.2,9.0,7.2,7.0,6.7,5.4,4.7,3.6,3.0,2.3,2.0,2.1,"3,925","3,652","3,511","3,403","4,782","7,095","7,826","6,646","5,588","5,232","5,166","4,328","3,647","2,979","2,621","2,137","1,939","2,399",5.1,4.8,4.6,4.4,6.2,9.2,10.2,8.6,7.3,6.8,6.7,5.6,4.7,3.9,3.4,2.8,2.5,3.1,"8,109","7,475","7,231","6,841","9,781","14,045","15,289","13,247","10,841","10,357","10,081","8,290","7,068","5,615","4,822","3,852","3,429","3,923",5.4,5.0,4.8,4.6,6.5,9.3,10.2,8.8,7.2,6.9,6.7,5.5,4.7,3.7,3.2,2.6,2.3,2.6,"1,693",1.27,"1,053",5.3,"12,087","14,991","-2,904",847,"2,379","-1,532","1,441",1.0,1.9,3.9,8.8,2.3,4.0,3.3,4.3,1.7,1.1,"46,617",31.4,2.6,38.3,2.5,4.1,0.2,0.8,45.5,5.9,"124,398","18,535","5,638",83.7,12.5,3.8,"48,003",32.3,160,"1,113",0.1,0.9,
East Gippsland Shire Council,2021,"48,477",2.3,"23,913","24,564",51.6,52.1,51.9,"26,370",54.4,"1,155","1,295","1,331","1,210",973,"1,026","1,123","1,101","1,031","1,266","1,362","1,672","2,035","2,101","2,216","1,527",880,609,4.8,5.4,5.6,5.1,4.1,4.3,4.7,4.6,4.3,5.3,5.7,7.0,8.5,8.8,9.3,6.4,3.7,2.5,"1,076","1,253","1,318","1,096",877,"1,105","1,196","1,174","1,198","1,341","1,610","1,833","2,141","2,158","2,011","1,434",891,852,4.4,5.1,5.4,4.5,3.6,4.5,4.9,4.8,4.9,5.5,6.6,7.5,8.7,8.8,8.2,5.8,3.6,3.5,"2,231","2,548","2,649","2,306","1,850","2,131","2,319","2,275","2,229","2,607","2,972","3,505","4,176","4,259","4,227","2,961","1,771","1,461",4.6,5.3,5.5,4.8,3.8,4.4,4.8,4.7,4.6,5.4,6.1,7.2,8.6,8.8,8.7,6.1,3.7,3.0,412,1.84,548,6.2,"3,157","2,311",846,24,42,-18,"1,683",3.5,1.2,6.2,0.9,0.2,1.5,0.3,0.6,0.5,0.5,"5,766",11.8,0.7,40.4,0.3,0.2,0.1,0.5,48.4,9.5,"43,262","2,075","3,378",88.8,4.3,6.9,"1,968",4.0,45,"1,636",0.1,3.9,
Frankston City Council,2021,"140,824","1,086.6","69,107","71,717",38.0,40.0,39.0,"91,553",65.0,"4,453","4,643","4,390","4,190","4,028","4,587","5,096","5,103","4,612","4,846","4,618","4,295","3,939","3,162","2,814","1,964","1,263","1,104",6.4,6.7,6.4,6.1,5.8,6.6,7.4,7.4,6.7,7.0,6.7,6.2,5.7,4.6,4.1,2.8,1.8,1.6,"4,393","4,310","4,228","3,741","3,907","4,645","5,337","5,342","4,854","4,878","4,777","4,515","4,243","3,548","3,246","2,320","1,559","1,874",6.1,6.0,5.9,5.2,5.4,6.5,7.4,7.4,6.8,6.8,6.7,6.3,5.9,4.9,4.5,3.2,2.2,2.6,"8,846","8,953","8,618","7,931","7,935","9,232","10,433","10,445","9,466","9,724","9,395","8,810","8,182","6,710","6,060","4,284","2,822","2,978",6.3,6.4,6.1,5.6,5.6,6.6,7.4,7.4,6.7,6.9,6.7,6.3,5.8,4.8,4.3,3.0,2.0,2.1,"1,727",1.72,989,5.8,"10,284","11,817","-1,533",193,502,-309,"1,800",1.3,2.6,8.1,2.6,0.7,2.1,1.2,2.0,1.0,1.2,"29,707",21.3,1.2,38.2,1.0,0.8,0.2,0.6,50.9,7.0,"121,787","10,877","6,617",87.4,7.8,4.8,"15,734",11.3,160,"2,604",0.1,2.3,
Gannawarra Shire Council,2021,"10,615",2.8,"5,296","5,319",51.1,51.7,51.4,"5,792",54.6,234,282,319,243,257,242,216,252,246,275,359,394,419,470,410,297,216,165,4.4,5.3,6.0,4.6,4.9,4.6,4.1,4.8,4.6,5.2,6.8,7.4,7.9,8.9,7.7,5.6,4.1,3.1,264,294,296,236,197,222,222,269,241,290,373,396,443,435,385,303,223,230,5.0,5.5,5.6,4.4,3.7,4.2,4.2,5.1,4.5,5.5,7.0,7.4,8.3,8.2,7.2,5.7,4.2,4.3,498,576,615,479,454,464,438,521,487,565,732,790,862,905,795,600,439,395,4.7,5.4,5.8,4.5,4.3,4.4,4.1,4.9,4.6,5.3,6.9,7.4,8.1,8.5,7.5,5.7,4.1,3.7,86,2.04,148,6.0,688,633,55,2,2,-,268,2.5,0.6,2.3,0.4,0.1,0.9,0.2,0.5,0.2,0.4,599,5.6,0.5,48.6,0.2,0.1,-,0.3,40.6,9.7,"9,627",289,768,90.1,2.7,7.2,256,2.4,3,291,-,3.2,
Glen Eira City Council,2021,"150,638","3,893.4","73,417","77,221",37.0,39.3,38.2,"100,004",66.4,"4,099","4,640","4,951","4,326","4,954","5,805","5,636","5,677","5,091","5,127","4,759","4,170","3,626","3,176","2,883","1,824","1,274","1,399",5.6,6.3,6.7,5.9,6.7,7.9,7.7,7.7,6.9,7.0,6.5,5.7,4.9,4.3,3.9,2.5,1.7,1.9,"3,920","4,469","4,624","4,104","4,801","5,743","5,860","5,951","5,462","5,382","5,213","4,356","3,961","3,539","3,281","2,202","1,799","2,554",5.1,5.8,6.0,5.3,6.2,7.4,7.6,7.7,7.1,7.0,6.8,5.6,5.1,4.6,4.2,2.9,2.3,3.3,"8,019","9,109","9,575","8,430","9,755","11,548","11,496","11,628","10,553","10,509","9,972","8,526","7,587","6,715","6,164","4,026","3,073","3,953",5.3,6.0,6.4,5.6,6.5,7.7,7.6,7.7,7.0,7.0,6.6,5.7,5.0,4.5,4.1,2.7,2.0,2.6,"1,673",1.38,913,4.5,"11,915","13,302","-1,387",870,"3,151","-2,281",411,0.3,1.7,5.4,6.6,2.3,3.5,6.1,5.9,2.0,2.9,"54,111",36.3,2.1,31.8,4.4,0.8,17.2,0.6,37.6,5.6,"122,668","21,526","4,719",82.4,14.5,3.2,"46,060",30.9,136,"1,362",0.1,1.1,
Glenelg Shire Council,2021,"20,058",3.2,"10,041","10,017",48.6,49.2,48.9,"11,832",59.0,475,528,604,579,476,522,418,494,495,608,679,828,828,822,714,442,312,217,4.7,5.3,6.0,5.8,4.7,5.2,4.2,4.9,4.9,6.1,6.8,8.2,8.2,8.2,7.1,4.4,3.1,2.2,457,529,564,514,384,477,483,547,518,659,687,774,862,806,632,443,315,366,4.6,5.3,5.6,5.1,3.8,4.8,4.8,5.5,5.2,6.6,6.9,7.7,8.6,8.0,6.3,4.4,3.1,3.7,932,"1,057","1,168","1,093",860,999,901,"1,041","1,013","1,267","1,366","1,602","1,690","1,628","1,346",885,627,583,4.6,5.3,5.8,5.4,4.3,5.0,4.5,5.2,5.1,6.3,6.8,8.0,8.4,8.1,6.7,4.4,3.1,2.9,159,1.92,209,5.9,"1,018","1,050",-32,9,15,-6,588,2.9,1.5,3.8,0.6,0.1,1.1,0.1,0.6,0.4,0.4,"1,756",8.7,0.5,42.2,0.4,0.1,-,0.4,47.3,9.1,"18,161",738,"1,254",90.1,3.7,6.2,582,2.9,9,510,0.1,3.0,
Golden Plains Shire Council,2021,"24,892",9.2,"12,805","12,087",39.1,39.6,39.4,"15,612",62.7,822,"1,019","1,089",878,620,597,745,777,803,960,927,820,785,743,602,351,183,84,6.4,8.0,8.5,6.9,4.8,4.7,5.8,6.1,6.3,7.5,7.2,6.4,6.1,5.8,4.7,2.7,1.4,0.7,758,978,913,788,518,529,736,890,861,879,901,834,764,652,505,280,153,148,6.3,8.1,7.6,6.5,4.3,4.4,6.1,7.4,7.1,7.3,7.5,6.9,6.3,5.4,4.2,2.3,1.3,1.2,"1,580","1,997","2,002","1,666","1,138","1,126","1,481","1,667","1,664","1,839","1,828","1,654","1,549","1,395","1,107",631,336,232,6.3,8.0,8.0,6.7,4.6,4.5,5.9,6.7,6.7,7.4,7.3,6.6,6.2,5.6,4.4,2.5,1.3,0.9,293,2.12,119,5.5,"2,078","1,696",382,8,13,-5,376,1.5,1.0,5.3,1.2,0.1,0.5,0.2,0.2,0.4,0.3,"2,303",9.2,0.4,42.3,0.1,0.2,-,0.3,49.9,6.8,"23,080",791,"1,112",92.4,3.2,4.5,752,3.0,18,543,0.1,2.8,
Greater Bendigo City Council,2021,"121,272",40.4,"59,078","62,194",38.5,40.7,39.7,"74,705",61.6,"3,699","4,034","4,167","3,543","3,684","3,935","3,838","3,674","3,304","3,512","3,577","3,570","3,572","3,312","3,025","2,054","1,414","1,164",6.3,6.8,7.1,6.0,6.2,6.7,6.5,6.2,5.6,5.9,6.1,6.0,6.0,5.6,5.1,3.5,2.4,2.0,"3,599","3,852","3,741","3,508","3,672","4,088","4,111","3,969","3,670","3,761","3,723","4,000","3,994","3,605","3,231","2,201","1,628","1,841",5.8,6.2,6.0,5.6,5.9,6.6,6.6,6.4,5.9,6.0,6.0,6.4,6.4,5.8,5.2,3.5,2.6,3.0,"7,298","7,886","7,908","7,051","7,356","8,023","7,949","7,643","6,974","7,273","7,300","7,570","7,566","6,917","6,256","4,255","3,042","3,005",6.0,6.5,6.5,5.8,6.1,6.6,6.6,6.3,5.8,6.0,6.0,6.2,6.2,5.7,5.2,3.5,2.5,2.5,"1,459",1.75,"1,048",5.6,"6,463","5,307","1,156",129,246,-117,"2,743",2.3,0.8,2.8,0.5,0.3,2.4,0.5,1.6,0.4,0.4,"11,719",9.6,1.2,42.5,0.7,0.6,-,0.6,47.2,7.1,"109,478","5,784","6,204",90.1,4.8,5.1,"7,869",6.5,145,"3,037",0.1,3.1,
Greater Dandenong City Council,2021,"160,100","1,235.8","81,676","78,424",35.3,37.1,36.2,"107,583",67.2,"5,100","4,901","4,341","4,504","6,282","8,003","7,272","6,666","5,359","4,832","4,611","4,377","4,034","3,354","2,917","2,187","1,575","1,361",6.2,6.0,5.3,5.5,7.7,9.8,8.9,8.2,6.6,5.9,5.6,5.4,4.9,4.1,3.6,2.7,1.9,1.7,"4,806","4,569","4,253","4,255","5,484","6,683","6,518","6,177","5,091","4,708","4,401","4,211","4,115","3,669","3,283","2,395","1,801","2,005",6.1,5.8,5.4,5.4,7.0,8.5,8.3,7.9,6.5,6.0,5.6,5.4,5.2,4.7,4.2,3.1,2.3,2.6,"9,906","9,470","8,594","8,759","11,766","14,686","13,790","12,843","10,450","9,540","9,012","8,588","8,149","7,023","6,200","4,582","3,376","3,366",6.2,5.9,5.4,5.5,7.3,9.2,8.6,8.0,6.5,6.0,5.6,5.4,5.1,4.4,3.9,2.9,2.1,2.1,"1,946",1.63,"1,060",5.4,"8,767","13,163","-4,396",998,"2,510","-1,512",615,0.4,2.1,2.0,6.5,2.5,21.4,4.0,16.7,0.9,2.0,"91,864",58.1,15.9,33.4,5.1,14.2,0.1,3.4,21.0,7.0,"113,524","36,931","7,748",71.8,23.3,4.9,"101,849",64.4,96,"1,007",0.1,0.8,
Greater Geelong City Council,2021,"270,932",217.1,"132,512","138,420",37.7,40.7,39.2,"170,711",63.0,"8,089","8,503","8,229","7,768","9,001","10,150","9,525","9,042","7,723","8,221","7,700","7,590","7,449","7,071","6,503","4,464","2,933","2,551",6.1,6.4,6.2,5.9,6.8,7.7,7.2,6.8,5.8,6.2,5.8,5.7,5.6,5.3,4.9,3.4,2.2,1.9,"7,664","8,065","7,847","7,429","8,546","9,524","9,621","9,292","8,328","8,608","8,285","8,378","8,531","8,027","7,370","5,132","3,661","4,112",5.5,5.8,5.7,5.4,6.2,6.9,7.0,6.7,6.0,6.2,6.0,6.1,6.2,5.8,5.3,3.7,2.6,3.0,"15,753","16,568","16,076","15,197","17,547","19,674","19,146","18,334","16,051","16,829","15,985","15,968","15,980","15,098","13,873","9,596","6,594","6,663",5.8,6.1,5.9,5.6,6.5,7.3,7.1,6.8,5.9,6.2,5.9,5.9,5.9,5.6,5.1,3.5,2.4,2.5,"3,159",1.65,"2,125",5.6,"15,659","11,354","4,305",482,969,-487,"3,562",1.3,1.2,5.6,2.8,0.7,2.1,0.9,2.9,0.7,0.7,"47,764",17.6,1.0,44.0,1.3,1.5,0.1,1.0,44.4,6.8,"238,279","20,305","12,479",87.9,7.5,4.6,"31,800",11.7,254,"5,564",0.1,2.5,
Greater Shepparton City Council,2021,"68,526",28.3,"34,239","34,287",38.2,40.3,39.3,"42,312",61.7,"2,215","2,345","2,462","2,209","2,038","2,228","2,249","2,085","1,929","2,114","2,173","2,089","2,044","1,826","1,607","1,194",799,633,6.5,6.8,7.2,6.5,6.0,6.5,6.6,6.1,5.6,6.2,6.3,6.1,6.0,5.3,4.7,3.5,2.3,1.8,"1,996","2,241","2,199","1,944","1,914","2,286","2,295","2,147","2,072","2,060","2,125","2,207","2,104","1,901","1,693","1,222",914,967,5.8,6.5,6.4,5.7,5.6,6.7,6.7,6.3,6.0,6.0,6.2,6.4,6.1,5.5,4.9,3.6,2.7,2.8,"4,211","4,586","4,661","4,153","3,952","4,514","4,544","4,232","4,001","4,174","4,298","4,296","4,148","3,727","3,300","2,416","1,713","1,600",6.1,6.7,6.8,6.1,5.8,6.6,6.6,6.2,5.8,6.1,6.3,6.3,6.1,5.4,4.8,3.5,2.5,2.3,834,1.88,566,5.9,"3,436","3,712",-276,134,347,-213,"2,686",3.9,1.5,2.3,2.2,1.9,2.5,0.7,4.9,0.3,1.0,"11,858",17.3,1.0,45.1,1.4,6.4,-,2.4,34.8,8.8,"57,053","6,589","4,767",83.4,9.6,7.0,"12,066",17.6,47,"1,202",0.1,2.2,
Hepburn Shire Council,2021,"16,485",11.2,"8,143","8,342",51.2,52.4,51.9,"9,585",58.1,345,427,450,370,242,290,375,412,439,556,631,677,719,724,665,409,235,177,4.2,5.2,5.5,4.5,3.0,3.6,4.6,5.1,5.4,6.8,7.7,8.3,8.8,8.9,8.2,5.0,2.9,2.2,337,371,445,350,229,312,367,415,478,545,666,728,784,805,612,378,245,275,4.0,4.4,5.3,4.2,2.7,3.7,4.4,5.0,5.7,6.5,8.0,8.7,9.4,9.6,7.3,4.5,2.9,3.3,682,798,895,720,471,602,742,827,917,"1,101","1,297","1,405","1,503","1,529","1,277",787,480,452,4.1,4.8,5.4,4.4,2.9,3.7,4.5,5.0,5.6,6.7,7.9,8.5,9.1,9.3,7.7,4.8,2.9,2.7,131,1.77,149,5.9,"1,370","1,220",150,12,22,-10,180,1.1,1.4,7.3,1.6,0.2,0.9,0.4,0.6,1.0,0.6,"2,324",14.0,1.2,34.8,0.4,0.2,0.2,0.7,52.5,10.0,"14,636",800,"1,164",88.1,4.8,7.0,798,4.8,13,422,0.1,3.0,
Hindmarsh Shire Council,2021,"5,656",0.8,"2,849","2,807",49.6,50.5,50.1,"3,239",57.3,138,145,145,181,117,156,145,121,150,138,174,223,251,203,204,145,100,113,4.8,5.1,5.1,6.4,4.1,5.5,5.1,4.2,5.3,4.8,6.1,7.8,8.8,7.1,7.2,5.1,3.5,4.0,154,141,141,129,101,156,148,144,119,149,204,204,229,198,165,152,115,158,5.5,5.0,5.0,4.6,3.6,5.6,5.3,5.1,4.2,5.3,7.3,7.3,8.2,7.1,5.9,5.4,4.1,5.6,292,286,286,310,218,312,293,265,269,287,378,427,480,401,369,297,215,271,5.2,5.1,5.1,5.5,3.9,5.5,5.2,4.7,4.8,5.1,6.7,7.5,8.5,7.1,6.5,5.3,3.8,4.8,53,1.92,83,6.6,343,339,4,3,6,-3,91,1.6,0.9,2.9,0.3,0.1,4.4,0.1,1.1,0.3,0.6,597,10.5,1.3,53.0,0.5,0.3,-,0.5,35.9,8.4,"5,082",286,329,89.2,5.0,5.8,402,7.1,-,191,-,3.9,
Hobsons Bay City Council,2021,"92,267","1,436.3","45,316","46,951",38.6,40.4,39.5,"60,457",65.5,"3,123","2,979","2,733","2,300","2,454","2,959","3,428","3,714","3,360","3,206","3,096","2,881","2,550","2,069","1,678","1,161",840,785,6.9,6.6,6.0,5.1,5.4,6.5,7.6,8.2,7.4,7.1,6.8,6.4,5.6,4.6,3.7,2.6,1.9,1.7,"2,831","2,928","2,709","2,219","2,229","2,848","3,573","3,832","3,513","3,334","3,330","2,900","2,731","2,217","1,976","1,399","1,074","1,308",6.0,6.2,5.8,4.7,4.7,6.1,7.6,8.2,7.5,7.1,7.1,6.2,5.8,4.7,4.2,3.0,2.3,2.8,"5,954","5,907","5,442","4,519","4,683","5,807","7,001","7,546","6,873","6,540","6,426","5,781","5,281","4,286","3,654","2,560","1,914","2,093",6.5,6.4,5.9,4.9,5.1,6.3,7.6,8.2,7.4,7.1,7.0,6.3,5.7,4.6,4.0,2.8,2.1,2.3,"1,147",1.70,597,5.2,"6,697","8,481","-1,784",290,812,-522,629,0.7,2.4,6.0,7.0,2.1,4.8,1.5,3.6,1.6,1.1,"27,477",30.1,2.2,44.6,2.3,5.1,0.1,0.9,38.7,6.0,"77,396","10,112","3,815",84.8,11.1,4.2,"24,734",27.1,175,"1,258",0.2,1.7,
Horsham Rural City Council,2021,"20,376",4.8,"10,056","10,320",39.5,42.9,41.2,"12,333",60.5,575,691,687,651,581,662,640,592,506,558,621,653,684,552,531,363,261,248,5.7,6.9,6.8,6.5,5.8,6.6,6.4,5.9,5.0,5.5,6.2,6.5,6.8,5.5,5.3,3.6,2.6,2.5,619,584,642,550,572,639,644,609,547,635,607,682,700,607,526,426,333,398,6.0,5.7,6.2,5.3,5.5,6.2,6.2,5.9,5.3,6.2,5.9,6.6,6.8,5.9,5.1,4.1,3.2,3.9,"1,194","1,275","1,329","1,201","1,153","1,301","1,284","1,201","1,053","1,193","1,228","1,335","1,384","1,159","1,057",789,594,646,5.9,6.3,6.5,5.9,5.7,6.4,6.3,5.9,5.2,5.9,6.0,6.6,6.8,5.7,5.2,3.9,2.9,3.2,232,1.83,145,5.3,"1,047","1,110",-63,15,24,-9,361,1.8,0.6,2.0,0.6,0.2,1.5,0.3,1.3,0.3,0.4,"1,448",7.1,0.5,48.4,0.8,0.4,-,0.4,42.7,7.0,"18,701",734,994,91.5,3.6,4.9,958,4.7,20,438,0.1,2.6,
Hume City Council,2021,"246,920",490.1,"124,056","122,864",33.0,34.1,33.6,"164,817",66.7,"10,034","9,890","8,933","7,987","8,940","9,878","10,777","10,596","8,353","7,211","7,029","6,746","5,468","4,242","3,379","2,302","1,358",933,8.1,8.0,7.2,6.4,7.2,8.0,8.7,8.5,6.7,5.8,5.7,5.4,4.4,3.4,2.7,1.9,1.1,0.8,"9,375","9,359","8,384","7,467","8,121","9,536","11,105","10,277","8,218","7,244","7,394","6,806","5,664","4,585","3,825","2,500","1,583","1,421",7.6,7.6,6.8,6.1,6.6,7.8,9.0,8.4,6.7,5.9,6.0,5.5,4.6,3.7,3.1,2.0,1.3,1.2,"19,409","19,249","17,317","15,454","17,061","19,414","21,882","20,873","16,571","14,455","14,423","13,552","11,132","8,827","7,204","4,802","2,941","2,354",7.9,7.8,7.0,6.3,6.9,7.9,8.9,8.5,6.7,5.9,5.8,5.5,4.5,3.6,2.9,1.9,1.2,1.0,"3,767",1.85,"1,082",5.3,"14,795","13,362","1,433",814,"2,038","-1,224","1,870",0.8,2.6,2.1,3.8,14.4,3.1,0.6,11.5,0.6,1.1,"97,128",39.8,2.5,43.3,4.8,18.9,-,4.7,19.3,6.5,"194,517","38,069","11,309",79.8,15.6,4.6,"119,012",48.8,170,"1,964",0.1,1.0,
Indigo Shire Council,2021,"17,251",8.5,"8,547","8,704",47.1,47.8,47.5,"10,214",59.2,445,519,612,488,302,351,390,441,484,573,592,675,695,641,572,403,233,131,5.2,6.1,7.2,5.7,3.5,4.1,4.6,5.2,5.7,6.7,6.9,7.9,8.1,7.5,6.7,4.7,2.7,1.5,405,510,582,488,295,344,398,484,540,609,638,692,735,613,577,337,208,249,4.7,5.9,6.7,5.6,3.4,4.0,4.6,5.6,6.2,7.0,7.3,8.0,8.4,7.0,6.6,3.9,2.4,2.9,850,"1,029","1,194",976,597,695,788,925,"1,024","1,182","1,230","1,367","1,430","1,254","1,149",740,441,380,4.9,6.0,6.9,5.7,3.5,4.0,4.6,5.4,5.9,6.9,7.1,7.9,8.3,7.3,6.7,4.3,2.6,2.2,138,1.95,142,5.7,"1,410","1,321",89,8,15,-7,278,1.6,1.1,5.0,0.6,0.1,0.6,0.2,0.2,0.5,0.2,"1,487",8.6,0.4,42.9,0.2,0.1,-,0.2,47.7,8.5,"15,875",450,"1,038",91.4,2.6,6.0,404,2.3,54,587,0.4,4.1,
Kingston City Council,2021,"159,554","1,746.3","77,719","81,835",39.8,42.4,41.1,"102,737",64.4,"4,522","4,821","4,902","4,410","4,513","5,061","5,231","5,633","5,474","5,669","5,420","4,886","4,312","3,725","3,283","2,434","1,782","1,641",5.8,6.2,6.3,5.7,5.8,6.5,6.7,7.2,7.0,7.3,7.0,6.3,5.5,4.8,4.2,3.1,2.3,2.1,"4,378","4,604","4,588","4,265","4,072","4,559","5,540","6,043","5,823","5,945","5,890","5,139","4,852","4,252","3,952","2,993","2,200","2,740",5.3,5.6,5.6,5.2,5.0,5.6,6.8,7.4,7.1,7.3,7.2,6.3,5.9,5.2,4.8,3.7,2.7,3.3,"8,900","9,425","9,490","8,675","8,585","9,620","10,771","11,676","11,297","11,614","11,310","10,025","9,164","7,977","7,235","5,427","3,982","4,381",5.6,5.9,5.9,5.4,5.4,6.0,6.8,7.3,7.1,7.3,7.1,6.3,5.7,5.0,4.5,3.4,2.5,2.7,"1,667",1.55,"1,101",4.6,"11,053","13,226","-2,173",554,"1,503",-949,722,0.5,1.9,6.5,5.7,1.5,4.1,3.7,5.2,1.4,1.7,"50,208",31.8,2.8,45.2,2.9,1.5,1.1,0.8,40.6,5.2,"136,380","16,905","4,846",86.2,10.7,3.1,"41,125",26.0,175,"2,188",0.1,1.7,
Knox City Council,2021,"160,481","1,408.8","78,927","81,554",39.0,41.6,40.4,"104,721",65.3,"4,427","4,892","5,061","4,908","5,186","4,976","5,403","5,659","5,341","5,239","5,234","5,137","4,728","3,985","3,431","2,316","1,671","1,333",5.6,6.2,6.4,6.2,6.6,6.3,6.8,7.2,6.8,6.6,6.6,6.5,6.0,5.0,4.3,2.9,2.1,1.7,"4,292","4,660","4,425","4,528","4,710","4,791","5,596","5,904","5,547","5,518","5,640","5,521","5,155","4,522","3,835","2,741","2,008","2,161",5.3,5.7,5.4,5.6,5.8,5.9,6.9,7.2,6.8,6.8,6.9,6.8,6.3,5.5,4.7,3.4,2.5,2.6,"8,719","9,552","9,486","9,436","9,896","9,767","10,999","11,563","10,888","10,757","10,874","10,658","9,883","8,507","7,266","5,057","3,679","3,494",5.4,6.0,5.9,5.9,6.2,6.1,6.9,7.2,6.8,6.7,6.8,6.6,6.2,5.3,4.5,3.2,2.3,2.2,"1,585",1.46,"1,064",5.0,"10,377","12,640","-2,263",353,906,-553,"1,022",0.6,1.5,5.4,2.7,1.5,6.3,7.2,6.2,0.8,1.2,"52,522",33.0,4.3,42.7,3.6,1.5,0.1,1.2,41.6,5.0,"136,136","18,414","4,553",85.6,11.6,2.9,"45,732",28.7,128,"2,352",0.1,1.8,
Latrobe City Council,2021,"77,117",54.1,"37,901","39,216",40.4,42.6,41.5,"47,374",61.4,"2,234","2,459","2,490","2,244","2,188","2,511","2,379","2,263","2,024","2,140","2,387","2,542","2,551","2,339","2,108","1,415",897,730,5.9,6.5,6.6,5.9,5.8,6.6,6.3,6.0,5.3,5.6,6.3,6.7,6.7,6.2,5.6,3.7,2.4,1.9,"2,160","2,229","2,322","2,117","2,167","2,540","2,551","2,423","2,128","2,280","2,478","2,740","2,721","2,470","2,153","1,482","1,096","1,159",5.5,5.7,5.9,5.4,5.5,6.5,6.5,6.2,5.4,5.8,6.3,7.0,6.9,6.3,5.5,3.8,2.8,3.0,"4,394","4,688","4,812","4,361","4,355","5,051","4,930","4,686","4,152","4,420","4,865","5,282","5,272","4,809","4,261","2,897","1,993","1,889",5.7,6.1,6.2,5.7,5.6,6.5,6.4,6.1,5.4,5.7,6.3,6.8,6.8,6.2,5.5,3.8,2.6,2.4,868,1.75,752,6.9,"3,969","3,786",183,61,102,-41,"1,659",2.1,1.2,5.2,2.0,0.3,1.6,0.4,1.1,0.5,0.5,"9,863",12.8,0.7,40.4,0.4,0.8,0.1,0.5,48.1,9.1,"68,146","3,851","5,319",88.1,5.0,6.9,"5,134",6.6,65,"1,793",0.1,2.8,
Loddon Shire Council,2021,"7,703",1.2,"3,911","3,792",53.2,51.5,52.4,"4,336",56.3,167,182,229,192,137,130,172,168,192,217,278,284,431,342,327,217,125,121,4.3,4.7,5.9,4.9,3.5,3.3,4.4,4.3,4.9,5.5,7.1,7.3,11.0,8.7,8.4,5.5,3.2,3.1,160,195,239,197,122,156,174,167,176,222,263,320,338,326,269,174,118,176,4.2,5.1,6.3,5.2,3.2,4.1,4.6,4.4,4.6,5.9,6.9,8.4,8.9,8.6,7.1,4.6,3.1,4.6,327,377,468,389,259,286,346,335,368,439,541,604,769,668,596,391,243,297,4.2,4.9,6.1,5.0,3.4,3.7,4.5,4.3,4.8,5.7,7.0,7.8,10.0,8.7,7.7,5.1,3.2,3.9,66,1.90,86,6.4,567,501,66,3,6,-3,170,2.2,1.0,3.8,0.7,0.1,1.8,0.1,0.3,0.3,0.3,665,8.6,0.5,45.8,0.2,0.3,-,0.6,40.4,12.3,"6,733",262,763,86.8,3.4,9.8,241,3.1,10,208,0.2,3.2,
Macedon Ranges Shire Council,2021,"51,599",29.5,"25,507","26,092",42.5,43.5,43.0,"31,550",61.1,"1,489","1,931","1,884","1,715","1,158","1,018","1,216","1,504","1,670","1,906","1,889","1,761","1,698","1,438","1,388",957,533,352,5.8,7.6,7.4,6.7,4.5,4.0,4.8,5.9,6.5,7.5,7.4,6.9,6.7,5.6,5.4,3.8,2.1,1.4,"1,478","1,854","1,815","1,576","1,006","1,034","1,298","1,674","1,866","2,019","2,022","1,815","1,705","1,534","1,463",908,513,512,5.7,7.1,7.0,6.0,3.9,4.0,5.0,6.4,7.2,7.7,7.7,7.0,6.5,5.9,5.6,3.5,2.0,2.0,"2,967","3,785","3,699","3,291","2,164","2,052","2,514","3,178","3,536","3,925","3,911","3,576","3,403","2,972","2,851","1,865","1,046",864,5.8,7.3,7.2,6.4,4.2,4.0,4.9,6.2,6.9,7.6,7.6,6.9,6.6,5.8,5.5,3.6,2.0,1.7,480,1.84,307,5.0,"3,859","3,168",691,40,86,-46,481,0.9,1.5,6.7,1.5,0.3,0.8,0.4,0.5,0.9,0.5,"6,720",13.1,0.6,42.0,0.2,0.3,0.1,0.3,49.5,6.9,"46,927","2,181","2,354",91.2,4.2,4.6,"2,340",4.5,73,"1,214",0.2,2.9,
Manningham City Council,2021,"125,821","1,110.0","61,150","64,671",41.6,44.9,43.3,"77,716",61.8,"2,876","3,818","3,889","3,932","4,018","3,328","3,596","3,839","3,870","3,855","4,195","3,921","3,625","3,057","2,807","2,494","2,086","1,944",4.7,6.2,6.4,6.4,6.6,5.4,5.9,6.3,6.3,6.3,6.9,6.4,5.9,5.0,4.6,4.1,3.4,3.2,"2,877","3,562","3,633","3,502","3,484","3,179","3,708","4,345","4,170","4,283","4,467","4,370","4,029","3,530","3,528","2,964","2,452","2,588",4.4,5.5,5.6,5.4,5.4,4.9,5.7,6.7,6.4,6.6,6.9,6.8,6.2,5.5,5.5,4.6,3.8,4.0,"5,753","7,380","7,522","7,434","7,502","6,507","7,304","8,184","8,040","8,138","8,662","8,291","7,654","6,587","6,335","5,458","4,538","4,532",4.6,5.9,6.0,5.9,6.0,5.2,5.8,6.5,6.4,6.5,6.9,6.6,6.1,5.2,5.0,4.3,3.6,3.6,976,1.27,968,4.0,"8,208","9,213","-1,005",518,"1,438",-920,297,0.2,1.1,3.3,6.5,4.4,6.9,15.8,3.3,0.9,1.2,"54,212",43.5,4.4,46.7,1.9,3.4,0.3,1.1,37.4,4.8,"101,904","19,551","3,245",81.7,15.7,2.6,"57,685",46.3,93,"1,477",0.1,1.4,
Mansfield Shire Council,2021,"10,121",2.6,"5,018","5,103",48.9,48.1,48.5,"5,760",56.9,199,309,380,250,172,227,207,259,284,293,317,369,446,446,382,247,134,97,4.0,6.2,7.6,5.0,3.4,4.5,4.1,5.2,5.7,5.8,6.3,7.4,8.9,8.9,7.6,4.9,2.7,1.9,223,282,408,287,143,249,205,299,283,281,324,386,479,403,362,211,146,132,4.4,5.5,8.0,5.6,2.8,4.9,4.0,5.9,5.5,5.5,6.3,7.6,9.4,7.9,7.1,4.1,2.9,2.6,422,591,788,537,315,476,412,558,567,574,641,755,925,849,744,458,280,229,4.2,5.8,7.8,5.3,3.1,4.7,4.1,5.5,5.6,5.7,6.3,7.5,9.1,8.4,7.4,4.5,2.8,2.3,66,1.43,73,4.6,825,539,286,17,27,-10,111,1.1,1.2,5.9,1.1,0.1,0.8,0.8,0.5,0.7,0.3,"1,149",11.3,0.5,40.2,0.2,0.2,0.2,0.3,49.4,9.0,"9,055",410,714,89.0,4.0,7.0,418,4.1,9,296,0.1,3.5,
Maribyrnong City Council,2021,"86,385","2,766.5","43,508","42,877",34.8,35.9,35.3,"63,696",73.7,"2,609","2,411","2,049","1,766","2,993","4,940","5,165","4,476","3,352","2,996","2,504","2,154","1,903","1,464","1,050",671,507,498,6.0,5.5,4.7,4.1,6.9,11.4,11.9,10.3,7.7,6.9,5.8,5.0,4.4,3.4,2.4,1.5,1.2,1.1,"2,473","2,123","1,881","1,740","2,803","4,628","5,026","4,231","3,357","2,964","2,503","2,172","2,023","1,511","1,162",757,689,834,5.8,5.0,4.4,4.1,6.5,10.8,11.7,9.9,7.8,6.9,5.8,5.1,4.7,3.5,2.7,1.8,1.6,1.9,"5,082","4,534","3,930","3,506","5,796","9,568","10,191","8,707","6,709","5,960","5,007","4,326","3,926","2,975","2,212","1,428","1,196","1,332",5.9,5.2,4.5,4.1,6.7,11.1,11.8,10.1,7.8,6.9,5.8,5.0,4.5,3.4,2.6,1.7,1.4,1.5,"1,161",1.36,429,6.0,"8,535","9,805","-1,270",556,"1,434",-878,639,0.7,2.3,3.8,4.5,1.4,13.4,3.1,5.4,2.4,1.7,"32,358",38.0,8.0,32.2,3.1,4.0,0.1,0.6,45.2,6.8,"67,767","13,387","4,058",79.5,15.7,4.8,"32,435",38.1,116,703,0.2,1.0,
Maroondah City Council,2021,"116,075","1,890.2","56,451","59,624",38.1,40.6,39.4,"74,710",64.4,"3,596","3,801","3,635","3,463","3,439","3,582","4,013","4,330","3,935","3,899","3,580","3,375","3,133","2,555","2,239","1,705","1,115","1,056",6.4,6.7,6.4,6.1,6.1,6.3,7.1,7.7,7.0,6.9,6.3,6.0,5.5,4.5,4.0,3.0,2.0,1.9,"3,441","3,575","3,412","3,110","3,147","3,614","4,303","4,706","4,035","4,066","3,877","3,724","3,379","2,974","2,848","2,117","1,493","1,803",5.8,6.0,5.7,5.2,5.3,6.1,7.2,7.9,6.8,6.8,6.5,6.2,5.7,5.0,4.8,3.6,2.5,3.0,"7,037","7,376","7,047","6,573","6,586","7,196","8,316","9,036","7,970","7,965","7,457","7,099","6,512","5,529","5,087","3,822","2,608","2,859",6.1,6.4,6.1,5.7,5.7,6.2,7.2,7.8,6.9,6.9,6.4,6.1,5.6,4.8,4.4,3.3,2.2,2.5,"1,343",1.59,826,5.2,"8,466","10,294","-1,828",284,743,-459,734,0.6,1.3,5.8,1.7,1.2,5.0,4.9,3.2,1.0,1.1,"29,042",25.2,2.2,43.1,1.9,0.9,0.1,1.0,45.8,5.0,"99,651","12,244","3,152",86.6,10.6,2.7,"22,750",19.8,109,"1,887",0.1,2.0,
Melbourne City Council,2021,"153,110","4,078.0","76,645","76,465",30.9,30.1,30.5,"131,754",86.1,"2,301","1,665","1,349","3,104","12,327","15,111","12,414","7,824","4,695","3,286","2,776","2,454","2,157","1,662","1,510",972,607,431,3.0,2.2,1.8,4.0,16.1,19.7,16.2,10.2,6.1,4.3,3.6,3.2,2.8,2.2,2.0,1.3,0.8,0.6,"2,187","1,588","1,347","3,813","13,736","15,369","11,399","6,829","3,992","3,101","2,712","2,501","2,154","1,801","1,581",962,662,731,2.9,2.1,1.8,5.0,18.0,20.1,14.9,8.9,5.2,4.1,3.5,3.3,2.8,2.4,2.1,1.3,0.9,1.0,"4,488","3,253","2,696","6,917","26,063","30,480","23,813","14,653","8,687","6,387","5,488","4,955","4,311","3,463","3,091","1,934","1,269","1,162",2.9,2.1,1.8,4.5,17.0,19.9,15.6,9.6,5.7,4.2,3.6,3.2,2.8,2.3,2.0,1.3,0.8,0.8,"1,255",0.66,460,5.5,"17,465","18,382",-917,"3,588","17,167","-13,579",772,0.5,2.4,4.4,2.4,2.1,12.7,16.0,8.5,4.4,1.7,"81,818",54.7,6.3,23.8,6.1,3.9,0.4,0.8,49.3,9.4,"79,702","59,219","10,697",53.3,39.6,7.1,"68,881",46.0,269,"1,087",0.2,0.8,
Melton City Council,2021,"181,346",343.8,"90,875","90,471",32.9,33.4,33.2,"120,795",66.6,"7,580","7,944","7,061","5,956","6,073","6,412","7,920","8,397","7,133","6,425","4,992","4,067","3,312","2,843","2,225","1,374",737,424,8.3,8.7,7.8,6.6,6.7,7.1,8.7,9.2,7.8,7.1,5.5,4.5,3.6,3.1,2.4,1.5,0.8,0.5,"7,319","7,632","7,045","5,760","5,343","6,600","8,246","8,228","7,065","6,039","5,078","4,122","3,627","3,115","2,443","1,341",783,685,8.1,8.4,7.8,6.4,5.9,7.3,9.1,9.1,7.8,6.7,5.6,4.6,4.0,3.4,2.7,1.5,0.9,0.8,"14,899","15,576","14,106","11,716","11,416","13,012","16,166","16,625","14,198","12,464","10,070","8,189","6,939","5,958","4,668","2,715","1,520","1,109",8.2,8.6,7.8,6.5,6.3,7.2,8.9,9.2,7.8,6.9,5.6,4.5,3.8,3.3,2.6,1.5,0.8,0.6,"2,809",1.89,602,5.3,"15,348","10,100","5,248",337,861,-524,"2,123",1.2,3.3,2.4,5.3,3.1,6.9,0.9,10.8,1.2,1.8,"63,763",35.6,2.8,48.0,5.2,6.4,-,5.5,24.3,7.7,"144,747","23,664","10,546",80.9,13.2,5.9,"69,725",39.0,160,"1,496",0.1,1.1,
Mildura Rural City Council,2021,"56,966",2.6,"28,210","28,756",39.0,41.0,40.0,"35,359",62.1,"1,674","1,842","1,959","1,694","1,710","1,913","1,959","1,688","1,582","1,647","1,796","1,745","1,877","1,515","1,430","1,000",638,541,5.9,6.5,6.9,6.0,6.1,6.8,6.9,6.0,5.6,5.8,6.4,6.2,6.7,5.4,5.1,3.5,2.3,1.9,"1,649","1,806","1,802","1,595","1,543","1,975","1,913","1,752","1,702","1,763","1,813","1,827","1,865","1,568","1,475",958,832,918,5.7,6.3,6.3,5.5,5.4,6.9,6.7,6.1,5.9,6.1,6.3,6.4,6.5,5.5,5.1,3.3,2.9,3.2,"3,323","3,648","3,761","3,289","3,253","3,888","3,872","3,440","3,284","3,410","3,609","3,572","3,742","3,083","2,905","1,958","1,470","1,459",5.8,6.4,6.6,5.8,5.7,6.8,6.8,6.0,5.8,6.0,6.3,6.3,6.6,5.4,5.1,3.4,2.6,2.6,681,1.82,531,6.2,"2,554","3,151",-597,116,297,-181,"2,621",4.6,1.6,2.1,1.6,0.8,3.8,0.9,2.0,0.2,0.7,"7,764",13.6,1.9,42.4,0.7,2.1,-,0.9,42.7,9.4,"48,117","4,680","4,181",84.5,8.2,7.3,"7,004",12.3,41,"1,093",0.1,2.4,
Mitchell Shire Council,2021,"49,712",17.4,"25,157","24,555",35.8,37.4,36.6,"31,960",64.3,"1,857","1,835","1,748","1,624","1,638","1,645","1,887","1,829","1,458","1,519","1,632","1,530","1,419","1,205","1,007",672,374,278,7.4,7.3,6.9,6.5,6.5,6.5,7.5,7.3,5.8,6.0,6.5,6.1,5.6,4.8,4.0,2.7,1.5,1.1,"1,723","1,727","1,612","1,398","1,297","1,716","1,928","1,749","1,519","1,607","1,607","1,542","1,416","1,153","1,021",685,395,460,7.0,7.0,6.6,5.7,5.3,7.0,7.9,7.1,6.2,6.5,6.5,6.3,5.8,4.7,4.2,2.8,1.6,1.9,"3,580","3,562","3,360","3,022","2,935","3,361","3,815","3,578","2,977","3,126","3,239","3,072","2,835","2,358","2,028","1,357",769,738,7.2,7.2,6.8,6.1,5.9,6.8,7.7,7.2,6.0,6.3,6.5,6.2,5.7,4.7,4.1,2.7,1.5,1.5,685,1.93,278,5.4,"4,760","3,491","1,269",59,113,-54,"1,073",2.2,1.7,4.0,1.7,0.7,1.5,0.5,3.2,0.4,0.8,"7,234",14.6,0.8,43.4,1.3,1.6,-,2.7,42.6,7.6,"43,575","3,121","2,769",88.1,6.3,5.6,"5,640",11.4,790,"1,145",2.0,2.9,
Moira Shire Council,2021,"30,367",7.5,"15,205","15,162",47.6,48.6,48.1,"17,057",56.2,766,913,933,854,695,796,758,744,745,859,948,"1,018","1,135","1,139","1,090",826,541,445,5.0,6.0,6.1,5.6,4.6,5.2,5.0,4.9,4.9,5.6,6.2,6.7,7.5,7.5,7.2,5.4,3.6,2.9,756,808,937,782,633,744,793,770,762,835,997,"1,070","1,119","1,131","1,128",751,548,598,5.0,5.3,6.2,5.2,4.2,4.9,5.2,5.1,5.0,5.5,6.6,7.1,7.4,7.5,7.4,5.0,3.6,3.9,"1,522","1,721","1,870","1,636","1,328","1,540","1,551","1,514","1,507","1,694","1,945","2,088","2,254","2,270","2,218","1,577","1,089","1,043",5.0,5.7,6.2,5.4,4.4,5.1,5.1,5.0,5.0,5.6,6.4,6.9,7.4,7.5,7.3,5.2,3.6,3.4,279,1.94,330,5.6,"2,127","2,051",76,27,49,-22,647,2.1,1.3,3.5,1.1,0.2,2.0,0.4,0.8,0.3,0.2,"3,012",9.9,0.9,51.1,0.3,0.7,-,0.7,37.7,8.5,"26,872","1,618","2,034",88.0,5.3,6.7,"1,601",5.2,18,862,0.1,3.4,
Monash City Council,2021,"192,893","2,367.3","96,650","96,243",36.0,39.9,38.0,"128,084",66.4,"4,527","5,511","5,660","5,843","9,135","9,152","7,167","6,839","6,064","5,864","5,728","5,214","4,476","3,855","3,536","3,025","2,492","2,562",4.7,5.7,5.9,6.0,9.5,9.5,7.4,7.1,6.3,6.1,5.9,5.4,4.6,4.0,3.7,3.1,2.6,2.7,"4,234","5,085","5,309","5,497","7,537","6,810","6,832","6,915","6,400","6,256","6,037","5,383","4,935","4,527","4,216","3,549","3,075","3,646",4.4,5.3,5.5,5.7,7.8,7.1,7.1,7.2,6.6,6.5,6.3,5.6,5.1,4.7,4.4,3.7,3.2,3.8,"8,761","10,596","10,969","11,340","16,672","15,962","13,999","13,754","12,464","12,120","11,765","10,597","9,411","8,382","7,752","6,574","5,567","6,208",4.5,5.5,5.7,5.9,8.6,8.3,7.3,7.1,6.5,6.3,6.1,5.5,4.9,4.3,4.0,3.4,2.9,3.2,"1,576",1.14,"1,441",4.5,"13,369","15,823","-2,454","1,852","6,421","-4,569",522,0.3,1.3,3.0,5.6,1.9,8.7,15.2,12.4,1.1,1.2,"95,826",50.3,7.2,39.3,7.5,2.7,0.4,1.4,35.8,5.7,"139,597","43,836","6,964",73.3,23.0,3.7,"98,988",52.0,145,"1,827",0.1,1.1,
Moonee Valley City Council,2021,"122,950","2,850.1","59,966","62,984",38.2,40.4,39.3,"82,222",66.9,"3,227","3,464","3,552","3,395","4,076","4,721","4,629","4,557","4,077","4,076","4,203","3,583","3,156","2,663","2,311","1,692","1,310","1,274",5.4,5.8,5.9,5.7,6.8,7.9,7.7,7.6,6.8,6.8,7.0,6.0,5.3,4.4,3.9,2.8,2.2,2.1,"3,073","3,312","3,312","3,175","3,916","4,623","5,002","4,692","4,352","4,430","4,211","3,797","3,551","3,017","2,753","2,072","1,735","1,961",4.9,5.3,5.3,5.0,6.2,7.3,7.9,7.4,6.9,7.0,6.7,6.0,5.6,4.8,4.4,3.3,2.8,3.1,"6,300","6,776","6,864","6,570","7,992","9,344","9,631","9,249","8,429","8,506","8,414","7,380","6,707","5,680","5,064","3,764","3,045","3,235",5.1,5.5,5.6,5.3,6.5,7.6,7.8,7.5,6.9,6.9,6.8,6.0,5.5,4.6,4.1,3.1,2.5,2.6,"1,311",1.35,830,4.6,"9,278","11,124","-1,846",476,"1,334",-858,571,0.5,1.4,3.4,7.4,2.2,4.3,2.2,3.7,1.7,1.4,"33,830",27.8,2.5,53.7,2.3,3.4,0.1,0.5,32.3,5.1,"106,097","11,497","4,257",87.1,9.4,3.5,"34,350",28.2,158,"1,345",0.2,1.3,
Moorabool Shire Council,2021,"37,910",18.0,"18,867","19,043",38.4,39.9,39.1,"23,892",63.0,"1,230","1,378","1,409","1,136","1,006","1,137","1,258","1,308","1,251","1,200","1,299","1,212","1,048",981,912,582,292,228,6.5,7.3,7.5,6.0,5.3,6.0,6.7,6.9,6.6,6.4,6.9,6.4,5.6,5.2,4.8,3.1,1.5,1.2,"1,182","1,229","1,310","1,050",943,"1,184","1,318","1,331","1,266","1,286","1,290","1,210","1,159","1,022",932,604,337,390,6.2,6.5,6.9,5.5,5.0,6.2,6.9,7.0,6.6,6.8,6.8,6.4,6.1,5.4,4.9,3.2,1.8,2.0,"2,412","2,607","2,719","2,186","1,949","2,321","2,576","2,639","2,517","2,486","2,589","2,422","2,207","2,003","1,844","1,186",629,618,6.4,6.9,7.2,5.8,5.1,6.1,6.8,7.0,6.6,6.6,6.8,6.4,5.8,5.3,4.9,3.1,1.7,1.6,485,1.78,220,5.5,"3,090","2,473",617,20,47,-27,558,1.5,1.6,5.5,2.1,0.2,1.0,0.3,2.4,0.7,0.6,"5,362",14.2,0.6,43.8,1.0,0.6,0.1,1.6,45.9,6.4,"33,621","2,315","1,692",89.3,6.2,4.5,"2,918",7.8,50,837,0.2,2.8,
Mornington Peninsula Shire Council,2021,"170,440",235.4,"82,781","87,659",46.7,49.3,48.1,"96,698",56.7,"4,253","4,899","5,364","5,094","4,153","3,538","3,907","4,179","4,350","5,303","5,550","5,528","5,548","5,565","5,654","4,424","2,896","2,576",5.1,5.9,6.5,6.2,5.0,4.3,4.7,5.0,5.3,6.4,6.7,6.7,6.7,6.7,6.8,5.3,3.5,3.1,"3,928","4,591","5,180","4,650","3,626","3,400","4,129","4,659","4,852","5,700","6,242","5,916","6,374","6,312","6,428","5,004","3,267","3,401",4.5,5.2,5.9,5.3,4.1,3.9,4.7,5.3,5.5,6.5,7.1,6.7,7.3,7.2,7.3,5.7,3.7,3.9,"8,181","9,490","10,544","9,744","7,779","6,938","8,036","8,838","9,202","11,003","11,792","11,444","11,922","11,877","12,082","9,428","6,163","5,977",4.8,5.6,6.2,5.7,4.6,4.1,4.7,5.2,5.4,6.5,6.9,6.7,7.0,7.0,7.1,5.5,3.6,3.5,"1,479",1.75,"1,660",4.7,"11,092","10,672",420,181,461,-280,"1,724",1.0,1.5,10.2,2.2,0.3,0.9,0.4,0.5,0.9,0.7,"29,793",17.6,0.7,42.2,0.2,0.2,0.2,0.3,49.1,7.2,"151,839","8,802","8,310",89.9,5.2,4.9,"9,177",5.4,"1,433","4,394",1.0,3.1,
Mount Alexander Shire Council,2021,"20,114",13.1,"10,076","10,038",49.2,52.3,50.8,"11,623",57.8,436,515,571,488,375,463,521,561,568,648,712,716,848,868,729,493,312,252,4.3,5.1,5.7,4.8,3.7,4.6,5.2,5.6,5.6,6.4,7.1,7.1,8.4,8.6,7.2,4.9,3.1,2.5,384,498,497,428,249,347,441,542,587,706,730,836,857,886,783,539,360,368,3.8,5.0,5.0,4.3,2.5,3.5,4.4,5.4,5.8,7.0,7.3,8.3,8.5,8.8,7.8,5.4,3.6,3.7,820,"1,013","1,068",916,624,810,962,"1,103","1,155","1,354","1,442","1,552","1,705","1,754","1,512","1,032",672,620,4.1,5.0,5.3,4.6,3.1,4.0,4.8,5.5,5.7,6.7,7.2,7.7,8.5,8.7,7.5,5.1,3.3,3.1,157,1.70,184,5.3,"1,499","1,236",263,17,29,-12,267,1.3,1.6,6.4,0.9,0.4,0.9,0.4,0.5,0.9,0.5,"2,519",12.4,1.0,27.2,0.2,0.2,0.2,0.8,58.8,11.6,"17,782",692,"1,779",87.8,3.4,8.8,660,3.3,16,494,0.1,2.8,
Moyne Shire Council,2021,"17,296",3.2,"8,558","8,738",44.4,44.6,44.5,"10,252",59.3,459,570,647,532,376,385,464,434,474,555,570,622,623,665,539,314,195,134,5.4,6.7,7.6,6.2,4.4,4.5,5.4,5.1,5.5,6.5,6.7,7.3,7.3,7.8,6.3,3.7,2.3,1.6,510,535,609,521,357,410,502,485,477,526,607,688,644,610,508,323,192,234,5.8,6.1,7.0,6.0,4.1,4.7,5.7,5.6,5.5,6.0,6.9,7.9,7.4,7.0,5.8,3.7,2.2,2.7,969,"1,105","1,256","1,053",733,795,966,919,951,"1,081","1,177","1,310","1,267","1,275","1,047",637,387,368,5.6,6.4,7.3,6.1,4.2,4.6,5.6,5.3,5.5,6.3,6.8,7.6,7.3,7.4,6.1,3.7,2.2,2.1,187,2.09,129,5.1,"1,277","1,145",132,18,30,-12,300,1.7,1.7,3.4,0.2,0.1,0.9,0.2,0.2,0.4,0.4,"1,287",7.4,0.4,49.3,0.1,0.1,0.1,0.3,41.7,8.2,"15,722",662,992,90.5,3.8,5.7,381,2.2,15,382,0.1,2.7,
Murrindindi Shire Council,2021,"15,139",3.9,"7,847","7,292",50.2,50.2,50.2,"9,063",59.9,369,386,462,415,326,319,338,381,410,499,584,624,710,657,571,447,209,140,4.7,4.9,5.9,5.3,4.2,4.1,4.3,4.9,5.2,6.4,7.4,8.0,9.0,8.4,7.3,5.7,2.7,1.8,302,332,397,361,278,293,367,390,395,514,553,617,689,581,538,309,204,172,4.1,4.6,5.4,5.0,3.8,4.0,5.0,5.3,5.4,7.0,7.6,8.5,9.4,8.0,7.4,4.2,2.8,2.4,671,718,859,776,604,612,705,771,805,"1,013","1,137","1,241","1,399","1,238","1,109",756,413,312,4.4,4.7,5.7,5.1,4.0,4.0,4.7,5.1,5.3,6.7,7.5,8.2,9.2,8.2,7.3,5.0,2.7,2.1,131,1.76,117,5.4,"1,237",994,243,13,31,-18,259,1.7,1.4,5.7,1.2,0.2,0.8,0.2,0.7,0.6,0.5,"1,710",11.3,0.8,37.5,0.1,0.2,-,0.6,50.1,10.7,"13,349",607,"1,240",87.8,4.0,8.2,567,3.7,15,456,0.1,3.5,
Nillumbik Shire Council,2021,"63,450",146.8,"31,458","31,992",41.4,43.2,42.3,"41,204",64.9,"1,665","1,995","2,432","2,381","2,086","1,369","1,515","1,768","1,920","2,348","2,442","2,290","2,272","1,787","1,418",945,487,338,5.3,6.3,7.7,7.6,6.6,4.4,4.8,5.6,6.1,7.5,7.8,7.3,7.2,5.7,4.5,3.0,1.5,1.1,"1,673","1,987","2,241","2,263","1,788","1,304","1,524","1,931","2,140","2,541","2,577","2,455","2,290","1,886","1,459",933,476,524,5.2,6.2,7.0,7.1,5.6,4.1,4.8,6.0,6.7,7.9,8.1,7.7,7.2,5.9,4.6,2.9,1.5,1.6,"3,338","3,982","4,673","4,644","3,874","2,673","3,039","3,699","4,060","4,889","5,019","4,745","4,562","3,673","2,877","1,878",963,862,5.3,6.3,7.4,7.3,6.1,4.2,4.8,5.8,6.4,7.7,7.9,7.5,7.2,5.8,4.5,3.0,1.5,1.4,607,1.68,299,4.5,"4,080","4,728",-648,78,200,-122,380,0.6,1.2,6.5,2.5,1.0,1.2,1.2,1.0,1.0,0.8,"10,281",16.3,1.0,42.6,0.6,0.8,0.1,0.4,50.1,4.4,"58,429","2,898","1,570",92.9,4.6,2.5,"6,039",9.6,85,"1,080",0.2,2.1,
Northern Grampians Shire Council,2021,"11,886",2.1,"5,996","5,890",48.2,50.0,49.1,"6,944",58.4,283,332,324,273,309,344,356,299,282,317,395,433,510,468,428,324,173,146,4.7,5.5,5.4,4.6,5.2,5.7,5.9,5.0,4.7,5.3,6.6,7.2,8.5,7.8,7.1,5.4,2.9,2.4,300,278,293,287,258,317,354,282,257,322,418,467,464,454,406,297,201,235,5.1,4.7,5.0,4.9,4.4,5.4,6.0,4.8,4.4,5.5,7.1,7.9,7.9,7.7,6.9,5.0,3.4,4.0,583,610,617,560,567,661,710,581,539,639,813,900,974,922,834,621,374,381,4.9,5.1,5.2,4.7,4.8,5.6,6.0,4.9,4.5,5.4,6.8,7.6,8.2,7.8,7.0,5.2,3.1,3.2,127,1.81,123,5.2,699,712,-13,11,18,-7,229,1.9,0.9,3.1,0.5,0.2,1.6,0.9,1.0,0.4,0.5,"1,098",9.2,0.5,43.3,0.4,0.4,-,0.6,44.2,10.6,"10,390",576,980,87.0,4.8,8.2,643,5.4,5,337,-,3.3,
Port Phillip City Council,2021,"103,438","5,017.8","50,739","52,699",38.2,38.1,38.1,"77,884",75.3,"2,185","1,943","1,910","1,693","2,797","5,424","6,025","5,115","3,987","3,791","3,497","3,164","2,691","2,127","1,768","1,273",746,603,4.3,3.8,3.8,3.3,5.5,10.7,11.9,10.1,7.9,7.5,6.9,6.2,5.3,4.2,3.5,2.5,1.5,1.2,"2,156","1,903","1,830","1,656","3,024","6,136","6,216","5,319","4,063","3,851","3,632","3,092","2,711","2,138","1,960","1,292",873,847,4.1,3.6,3.5,3.1,5.7,11.6,11.8,10.1,7.7,7.3,6.9,5.9,5.1,4.1,3.7,2.5,1.7,1.6,"4,341","3,846","3,740","3,349","5,821","11,560","12,241","10,434","8,050","7,642","7,129","6,256","5,402","4,265","3,728","2,565","1,619","1,450",4.2,3.7,3.6,3.2,5.6,11.2,11.8,10.1,7.8,7.4,6.9,6.0,5.2,4.1,3.6,2.5,1.6,1.4,"1,089",1.02,519,4.7,"11,523","13,935","-2,412",852,"3,359","-2,507",514,0.5,2.9,9.5,4.9,1.4,3.2,2.8,2.9,4.0,1.4,"33,549",32.9,1.7,31.7,2.1,1.3,3.3,0.5,51.0,8.4,"79,149","16,503","6,285",77.6,16.2,6.2,"21,461",21.1,146,"1,149",0.2,1.3,
Pyrenees Shire Council,2021,"7,619",2.2,"3,988","3,631",50.8,49.7,50.3,"4,456",58.5,152,195,217,202,161,148,187,190,215,270,319,293,348,354,340,202,110,85,3.8,4.9,5.4,5.1,4.0,3.7,4.7,4.8,5.4,6.8,8.0,7.3,8.7,8.9,8.5,5.1,2.8,2.1,172,196,208,182,146,153,168,187,180,238,294,279,296,311,264,165,95,97,4.7,5.4,5.7,5.0,4.0,4.2,4.6,5.2,5.0,6.6,8.1,7.7,8.2,8.6,7.3,4.5,2.6,2.7,324,391,425,384,307,301,355,377,395,508,613,572,644,665,604,367,205,182,4.3,5.1,5.6,5.0,4.0,4.0,4.7,4.9,5.2,6.7,8.0,7.5,8.5,8.7,7.9,4.8,2.7,2.4,54,1.89,72,5.6,632,547,85,3,4,-1,144,1.9,1.3,5.3,0.9,0.2,0.8,0.1,0.1,0.5,0.3,733,9.6,0.4,40.6,-,0.1,-,0.5,44.0,14.3,"6,483",265,925,84.5,3.5,12.1,167,2.2,6,244,0.1,3.7,
Queenscliffe Borough Council,2021,"3,236",375.6,"1,529","1,707",62.6,62.7,62.6,"1,471",45.5,44,52,61,79,48,30,45,57,47,62,70,106,149,203,180,131,95,70,2.9,3.4,4.0,5.2,3.1,2.0,2.9,3.7,3.1,4.1,4.6,6.9,9.7,13.3,11.8,8.6,6.2,4.6,45,54,65,49,45,35,36,59,61,82,101,142,168,208,186,153,121,97,2.6,3.2,3.8,2.9,2.6,2.1,2.1,3.5,3.6,4.8,5.9,8.3,9.8,12.2,10.9,9.0,7.1,5.7,89,106,126,128,93,65,81,116,108,144,171,248,317,411,366,284,216,167,2.8,3.3,3.9,4.0,2.9,2.0,2.5,3.6,3.3,4.4,5.3,7.7,9.8,12.7,11.3,8.8,6.7,5.2,21,-,32,-,352,282,70,4,9,-5,11,0.3,1.3,5.8,1.0,0.2,0.8,0.4,0.4,0.8,0.2,351,10.7,0.7,47.1,0.5,0.2,0.1,-,42.8,8.7,"2,970",103,205,90.7,3.1,6.3,113,3.4,3,110,0.1,3.7,
South Gippsland Shire Council,2021,"30,388",9.2,"15,120","15,268",48.2,49.5,48.9,"17,285",56.9,780,959,999,837,639,576,717,765,748,883,"1,003","1,121","1,190","1,220","1,122",744,463,354,5.2,6.3,6.6,5.5,4.2,3.8,4.7,5.1,4.9,5.8,6.6,7.4,7.9,8.1,7.4,4.9,3.1,2.3,706,836,925,823,523,615,771,802,800,939,"1,056","1,162","1,315","1,227","1,109",711,466,482,4.6,5.5,6.1,5.4,3.4,4.0,5.0,5.3,5.2,6.2,6.9,7.6,8.6,8.0,7.3,4.7,3.1,3.2,"1,486","1,795","1,924","1,660","1,162","1,191","1,488","1,567","1,548","1,822","2,059","2,283","2,505","2,447","2,231","1,455",929,836,4.9,5.9,6.3,5.5,3.8,3.9,4.9,5.2,5.1,6.0,6.8,7.5,8.2,8.1,7.3,4.8,3.1,2.8,257,1.80,277,5.6,"2,074","1,818",256,19,31,-12,358,1.2,1.3,6.3,1.2,0.1,0.8,0.3,0.5,0.5,0.4,"3,516",11.5,0.5,38.7,0.2,-,0.1,0.4,51.4,8.6,"27,507","1,220","1,854",90.0,4.0,6.1,"1,185",3.9,24,714,0.1,2.8,
Southern Grampians Shire Council,2021,"16,492",2.5,"8,112","8,380",45.3,48.2,46.8,"9,476",57.5,440,485,526,499,409,458,416,382,415,490,498,557,588,585,550,383,224,207,5.4,6.0,6.5,6.2,5.0,5.6,5.1,4.7,5.1,6.0,6.1,6.9,7.2,7.2,6.8,4.7,2.8,2.6,432,450,498,450,376,391,411,473,425,481,527,606,624,645,516,416,285,374,5.2,5.4,5.9,5.4,4.5,4.7,4.9,5.6,5.1,5.7,6.3,7.2,7.4,7.7,6.2,5.0,3.4,4.5,872,935,"1,024",949,785,849,827,855,840,971,"1,025","1,163","1,212","1,230","1,066",799,509,581,5.3,5.7,6.2,5.8,4.8,5.1,5.0,5.2,5.1,5.9,6.2,7.1,7.3,7.5,6.5,4.8,3.1,3.5,178,2.04,209,6.0,867,917,-50,15,25,-10,389,2.3,1.4,3.2,0.3,0.1,0.7,0.2,0.7,0.4,0.6,"1,276",7.7,0.4,50.6,0.3,0.2,-,0.2,40.1,8.1,"15,125",586,874,91.2,3.5,5.3,501,3.0,14,360,0.1,2.6,
Stonnington City Council,2021,"106,190","4,139.8","50,938","55,252",36.1,37.3,36.7,"76,172",71.7,"2,070","2,021","2,185","2,274","3,885","6,212","5,717","4,429","3,168","2,961","3,168","2,719","2,422","2,026","1,962","1,545","1,138","1,036",4.1,4.0,4.3,4.5,7.6,12.2,11.2,8.7,6.2,5.8,6.2,5.3,4.8,4.0,3.9,3.0,2.2,2.0,"1,989","1,933","2,145","2,471","4,635","6,733","5,667","4,297","3,235","3,259","3,333","2,912","2,675","2,533","2,446","1,845","1,445","1,699",3.6,3.5,3.9,4.5,8.4,12.2,10.3,7.8,5.9,5.9,6.0,5.3,4.8,4.6,4.4,3.3,2.6,3.1,"4,059","3,954","4,330","4,745","8,520","12,945","11,384","8,726","6,403","6,220","6,501","5,631","5,097","4,559","4,408","3,390","2,583","2,735",3.8,3.7,4.1,4.5,8.0,12.2,10.7,8.2,6.0,5.9,6.1,5.3,4.8,4.3,4.2,3.2,2.4,2.6,998,0.97,651,4.4,"11,471","13,139","-1,668",877,"3,710","-2,833",363,0.3,2.3,6.5,4.3,1.2,4.1,5.3,3.5,2.6,1.4,"32,835",31.4,2.2,37.9,2.4,1.2,4.3,0.5,45.0,6.6,"84,799","15,221","4,679",81.0,14.5,4.5,"23,205",22.2,113,"1,207",0.1,1.3,
Strathbogie Shire Council,2021,"11,368",3.4,"5,664","5,704",53.2,53.4,53.3,"6,234",54.8,281,258,317,265,248,192,251,264,256,288,351,427,507,552,517,297,226,167,5.0,4.6,5.6,4.7,4.4,3.4,4.4,4.7,4.5,5.1,6.2,7.5,9.0,9.7,9.1,5.2,4.0,2.9,257,248,276,251,167,242,243,282,314,316,368,437,565,514,457,322,188,257,4.5,4.3,4.8,4.4,2.9,4.2,4.3,4.9,5.5,5.5,6.5,7.7,9.9,9.0,8.0,5.6,3.3,4.5,538,506,593,516,415,434,494,546,570,604,719,864,"1,072","1,066",974,619,414,424,4.7,4.5,5.2,4.5,3.7,3.8,4.3,4.8,5.0,5.3,6.3,7.6,9.4,9.4,8.6,5.4,3.6,3.7,115,1.97,137,5.2,931,713,218,10,19,-9,207,1.8,1.1,4.6,1.0,0.1,1.2,0.5,0.5,0.5,0.3,"1,119",9.8,0.9,46.2,0.3,0.3,0.1,0.3,40.7,11.2,"10,110",425,919,88.3,3.7,8.0,419,3.7,26,365,0.3,3.7,
Surf Coast Shire Council,2021,"37,648",24.2,"18,678","18,970",41.7,42.8,42.3,"22,863",60.7,"1,185","1,372","1,371","1,075",859,812,"1,003","1,247","1,320","1,341","1,174","1,170","1,211","1,182","1,082",637,364,273,6.3,7.3,7.3,5.8,4.6,4.3,5.4,6.7,7.1,7.2,6.3,6.3,6.5,6.3,5.8,3.4,1.9,1.5,"1,156","1,224","1,213","1,026",726,817,"1,118","1,418","1,389","1,352","1,272","1,237","1,296","1,214","1,048",643,387,434,6.1,6.5,6.4,5.4,3.8,4.3,5.9,7.5,7.3,7.1,6.7,6.5,6.8,6.4,5.5,3.4,2.0,2.3,"2,341","2,596","2,584","2,101","1,585","1,629","2,121","2,665","2,709","2,693","2,446","2,407","2,507","2,396","2,130","1,280",751,707,6.2,6.9,6.9,5.6,4.2,4.3,5.6,7.1,7.2,7.2,6.5,6.4,6.7,6.4,5.7,3.4,2.0,1.9,450,1.79,199,4.4,"3,567","2,203","1,364",43,111,-68,239,0.6,1.4,6.0,1.1,0.2,0.6,0.4,0.3,1.1,0.7,"4,431",11.8,0.6,38.1,0.2,0.2,0.1,0.3,53.6,7.0,"34,221","1,655","1,817",90.8,4.4,4.8,"1,562",4.1,36,660,0.1,2.2,
Swan Hill Rural City Council,2021,"158,689",152.1,"79,405","79,284",34.4,35.4,34.9,"105,990",66.8,"6,186","6,170","5,726","5,262","5,191","5,618","6,293","6,600","5,296","5,072","5,041","4,612","3,843","3,014","2,320","1,488",963,710,7.8,7.8,7.2,6.6,6.5,7.1,7.9,8.3,6.7,6.4,6.3,5.8,4.8,3.8,2.9,1.9,1.2,0.9,"5,696","5,723","5,340","4,719","4,931","5,890","6,783","6,323","5,461","5,222","5,099","4,672","4,062","3,060","2,528","1,630","1,121","1,024",7.2,7.2,6.7,6.0,6.2,7.4,8.6,8.0,6.9,6.6,6.4,5.9,5.1,3.9,3.2,2.1,1.4,1.3,"11,882","11,893","11,066","9,981","10,122","11,508","13,076","12,923","10,757","10,294","10,140","9,284","7,905","6,074","4,848","3,118","2,084","1,734",7.5,7.5,7.0,6.3,6.4,7.3,8.2,8.1,6.8,6.5,6.4,5.9,5.0,3.8,3.1,2.0,1.3,1.1,"2,382",1.92,679,5.0,"12,070","9,723","2,347",479,631,-152,"5,302",3.5,3.8,8.1,2.2,1.5,6.9,0.9,5.3,0.8,3.9,"51,263",33.5,2.4,41.3,3.1,4.0,0.1,2.2,40.2,6.7,"128,802","17,015","7,156",84.2,11.1,4.7,"35,555",23.2,313,"2,725",0.3,2.3,
Towong Shire Council,2021,"6,186",0.9,"3,165","3,021",51.7,51.8,51.8,"3,470",56.1,153,177,184,158,102,124,132,154,146,181,202,269,300,285,245,162,109,82,4.8,5.6,5.8,5.0,3.2,3.9,4.2,4.9,4.6,5.7,6.4,8.5,9.5,9.0,7.7,5.1,3.4,2.6,136,148,189,128,102,122,117,169,154,160,220,259,271,251,223,151,90,131,4.5,4.9,6.3,4.2,3.4,4.0,3.9,5.6,5.1,5.3,7.3,8.6,9.0,8.3,7.4,5.0,3.0,4.3,289,325,373,286,204,246,249,323,300,341,422,528,571,536,468,313,199,213,4.7,5.3,6.0,4.6,3.3,4.0,4.0,5.2,4.8,5.5,6.8,8.5,9.2,8.7,7.6,5.1,3.2,3.4,55,1.87,67,5.8,482,495,-13,2,4,-2,112,1.8,1.2,4.3,0.7,0.1,0.8,0.2,0.4,0.5,0.3,526,8.5,0.4,48.6,0.2,0.3,-,0.5,39.1,10.9,"5,533",173,518,88.9,2.8,8.3,175,2.8,11,216,0.2,4.1,
Wangaratta Rural City Council,2021,"29,751",8.2,"14,436","15,315",44.4,46.1,45.3,"17,453",58.7,755,886,"1,023",907,635,745,767,825,768,882,942,985,983,978,909,628,455,363,5.2,6.1,7.1,6.3,4.4,5.2,5.3,5.7,5.3,6.1,6.5,6.8,6.8,6.8,6.3,4.4,3.2,2.5,808,843,953,870,672,791,795,803,919,968,"1,049","1,027","1,120",974,921,731,507,564,5.3,5.5,6.2,5.7,4.4,5.2,5.2,5.2,6.0,6.3,6.8,6.7,7.3,6.4,6.0,4.8,3.3,3.7,"1,563","1,729","1,976","1,777","1,307","1,536","1,562","1,628","1,687","1,850","1,991","2,012","2,103","1,952","1,830","1,359",962,927,5.3,5.8,6.6,6.0,4.4,5.2,5.3,5.5,5.7,6.2,6.7,6.8,7.1,6.6,6.2,4.6,3.2,3.1,300,1.85,260,5.2,"1,667","1,475",192,21,36,-15,559,1.9,0.8,3.3,1.4,0.1,1.3,0.3,1.0,0.4,0.4,"2,693",9.0,0.8,48.3,0.6,0.2,-,0.4,42.0,7.4,"27,070","1,174","1,556",90.8,3.9,5.2,"1,551",5.2,28,734,0.1,3.0,
Warrnambool City Council,2021,"35,433",293.0,"17,125","18,308",39.6,43.6,41.7,"21,810",61.6,993,"1,104","1,198","1,070",934,"1,186","1,116","1,042","1,004","1,028","1,062","1,048","1,060","1,011",867,640,386,376,5.8,6.4,7.0,6.2,5.5,6.9,6.5,6.1,5.9,6.0,6.2,6.1,6.2,5.9,5.1,3.7,2.3,2.2,888,"1,006","1,107","1,048",936,"1,159","1,130","1,082","1,105","1,124","1,208","1,218","1,250","1,102","1,010",733,540,662,4.9,5.5,6.0,5.7,5.1,6.3,6.2,5.9,6.0,6.1,6.6,6.7,6.8,6.0,5.5,4.0,2.9,3.6,"1,881","2,110","2,305","2,118","1,870","2,345","2,246","2,124","2,109","2,152","2,270","2,266","2,310","2,113","1,877","1,373",926,"1,038",5.3,6.0,6.5,6.0,5.3,6.6,6.3,6.0,6.0,6.1,6.4,6.4,6.5,6.0,5.3,3.9,2.6,2.9,357,1.61,316,5.6,"2,115","2,047",68,72,125,-53,699,2.0,1.3,3.0,0.4,0.2,1.7,1.0,1.0,0.4,0.5,"3,382",9.6,0.9,47.3,0.5,0.3,0.1,0.3,43.6,7.0,"31,691","1,902","1,821",89.5,5.4,5.1,"1,900",5.4,32,672,0.1,2.3,
Wellington Shire Council,2021,"45,469",4.2,"23,018","22,451",43.0,45.8,44.4,"27,363",60.2,"1,242","1,363","1,426","1,284","1,214","1,441","1,380","1,389","1,268","1,283","1,390","1,581","1,704","1,652","1,546",889,563,403,5.4,5.9,6.2,5.6,5.3,6.3,6.0,6.0,5.5,5.6,6.0,6.9,7.4,7.2,6.7,3.9,2.4,1.8,"1,182","1,264","1,356","1,212","1,004","1,206","1,253","1,353","1,195","1,341","1,523","1,566","1,776","1,646","1,412",930,632,600,5.3,5.6,6.0,5.4,4.5,5.4,5.6,6.0,5.3,6.0,6.8,7.0,7.9,7.3,6.3,4.1,2.8,2.7,"2,424","2,627","2,782","2,496","2,218","2,647","2,633","2,742","2,463","2,624","2,913","3,147","3,480","3,298","2,958","1,819","1,195","1,003",5.3,5.8,6.1,5.5,4.9,5.8,5.8,6.0,5.4,5.8,6.4,6.9,7.7,7.3,6.5,4.0,2.6,2.2,459,1.89,432,6.1,"3,408","3,055",353,46,80,-34,923,2.0,1.4,4.8,0.9,0.2,1.6,0.3,0.8,0.5,0.5,"5,034",11.0,0.6,41.9,0.4,0.3,-,0.5,45.8,10.5,"39,931","1,936","3,773",87.5,4.2,8.3,"1,801",3.9,661,"1,385",1.7,3.7,
West Wimmera Shire Council,2021,"3,978",0.4,"2,003","1,975",50.6,50.9,50.8,"2,238",56.3,105,107,120,77,90,101,88,100,95,101,139,165,188,167,157,86,67,50,5.2,5.3,6.0,3.8,4.5,5.0,4.4,5.0,4.7,5.0,6.9,8.2,9.4,8.3,7.8,4.3,3.3,2.5,131,96,121,80,51,92,93,106,87,103,154,165,163,145,128,87,76,97,6.6,4.9,6.1,4.1,2.6,4.7,4.7,5.4,4.4,5.2,7.8,8.4,8.3,7.3,6.5,4.4,3.8,4.9,236,203,241,157,141,193,181,206,182,204,293,330,351,312,285,173,143,147,5.9,5.1,6.1,3.9,3.5,4.9,4.6,5.2,4.6,5.1,7.4,8.3,8.8,7.8,7.2,4.3,3.6,3.7,42,2.65,36,4.9,226,291,-65,2,2,-,46,1.1,1.0,3.2,0.4,-,0.7,0.2,0.6,0.3,0.3,269,6.7,0.1,50.5,0.3,0.5,-,0.2,37.7,10.8,"3,571",124,303,89.1,3.1,7.6,96,2.4,3,93,0.1,2.8,
Whitehorse City Council,2021,"171,077","2,661.4","83,209","87,868",37.6,40.9,39.2,"112,512",65.8,"4,158","4,928","4,961","5,196","6,922","6,463","5,907","6,105","5,345","5,541","5,335","4,693","4,237","3,625","3,235","2,492","1,992","2,074",5.0,5.9,6.0,6.2,8.3,7.8,7.1,7.3,6.4,6.7,6.4,5.6,5.1,4.4,3.9,3.0,2.4,2.5,"3,888","4,711","4,968","4,998","6,128","5,772","6,087","6,281","5,852","5,998","5,844","5,066","4,742","4,296","3,934","3,212","2,752","3,339",4.4,5.4,5.7,5.7,7.0,6.6,6.9,7.1,6.7,6.8,6.7,5.8,5.4,4.9,4.5,3.7,3.1,3.8,"8,046","9,639","9,929","10,194","13,050","12,235","11,994","12,386","11,197","11,539","11,179","9,759","8,979","7,921","7,169","5,704","4,744","5,413",4.7,5.6,5.8,6.0,7.6,7.2,7.0,7.2,6.5,6.7,6.5,5.7,5.2,4.6,4.2,3.3,2.8,3.2,"1,381",1.19,"1,202",4.3,"12,350","14,690","-2,340","1,194","3,798","-2,604",523,0.3,1.3,3.6,3.0,1.4,7.8,16.2,6.3,1.0,1.0,"70,212",41.5,5.4,38.6,3.8,1.6,0.2,1.1,43.9,5.4,"130,146","33,706","5,494",76.9,19.9,3.2,"68,588",40.5,152,"2,102",0.1,1.5,
Whittlesea City Council,2021,"231,831",473.4,"115,559","116,272",34.5,35.9,35.3,"153,061",66.0,"8,807","9,032","7,827","6,879","7,861","8,584","9,747","10,382","8,493","7,300","6,552","5,741","5,017","4,191","3,698","2,519","1,638","1,291",7.6,7.8,6.8,6.0,6.8,7.4,8.4,9.0,7.3,6.3,5.7,5.0,4.3,3.6,3.2,2.2,1.4,1.1,"8,163","8,555","7,352","6,410","6,998","8,338","10,259","10,328","8,278","7,325","6,715","6,157","5,697","4,869","4,158","2,718","1,985","1,967",7.0,7.4,6.3,5.5,6.0,7.2,8.8,8.9,7.1,6.3,5.8,5.3,4.9,4.2,3.6,2.3,1.7,1.7,"16,970","17,587","15,179","13,289","14,859","16,922","20,006","20,710","16,771","14,625","13,267","11,898","10,714","9,060","7,856","5,237","3,623","3,258",7.3,7.6,6.5,5.7,6.4,7.3,8.6,8.9,7.2,6.3,5.7,5.1,4.6,3.9,3.4,2.3,1.6,1.4,"3,162",1.70,"1,115",5.3,"14,005","13,131",874,767,"1,963","-1,196","2,270",1.0,1.8,2.0,8.8,5.3,4.7,2.2,10.9,0.7,1.4,"86,232",37.6,3.3,47.2,6.2,9.0,-,4.0,24.3,5.8,"189,045","31,568","8,780",82.4,13.8,3.8,"103,445",45.1,293,"1,808",0.2,1.0,
Wodonga City Council,2021,"43,207",99.8,"21,158","22,049",36.1,38.7,37.5,"26,918",62.3,"1,329","1,530","1,552","1,504","1,391","1,427","1,523","1,337","1,252","1,256","1,249","1,256","1,108","1,112",989,614,395,334,6.3,7.2,7.3,7.1,6.6,6.7,7.2,6.3,5.9,5.9,5.9,5.9,5.2,5.3,4.7,2.9,1.9,1.6,"1,425","1,484","1,495","1,315","1,224","1,419","1,537","1,515","1,334","1,326","1,332","1,322","1,291","1,244","1,038",722,524,502,6.5,6.7,6.8,6.0,5.6,6.4,7.0,6.9,6.1,6.0,6.0,6.0,5.9,5.6,4.7,3.3,2.4,2.3,"2,754","3,014","3,047","2,819","2,615","2,846","3,060","2,852","2,586","2,582","2,581","2,578","2,399","2,356","2,027","1,336",919,836,6.4,7.0,7.1,6.5,6.1,6.6,7.1,6.6,6.0,6.0,6.0,6.0,5.6,5.5,4.7,3.1,2.1,1.9,559,1.89,316,6.0,"3,770","3,378",392,47,82,-35,"1,479",3.4,1.1,3.7,1.0,0.3,1.6,0.3,1.7,0.4,1.3,"4,904",11.3,0.8,46.0,1.2,0.4,0.1,0.7,44.5,6.5,"39,320","1,972","1,956",90.9,4.6,4.5,"2,989",6.9,"1,123","1,595",3.2,4.6,
Wyndham City Council,2021,"296,322",546.6,"150,270","146,052",32.3,32.9,32.6,"198,742",67.1,"13,863","13,958","11,088","8,439","10,195","11,711","13,818","17,178","12,817","8,992","7,162","5,942","4,825","3,878","2,992","1,773","1,012",627,9.2,9.3,7.4,5.6,6.8,7.8,9.2,11.4,8.5,6.0,4.8,4.0,3.2,2.6,2.0,1.2,0.7,0.4,"13,021","13,254","10,429","7,765","8,446","11,275","15,781","16,429","11,134","8,424","6,966","6,089","5,354","4,172","3,226","1,929","1,218","1,140",8.9,9.1,7.1,5.3,5.8,7.7,10.8,11.2,7.6,5.8,4.8,4.2,3.7,2.9,2.2,1.3,0.8,0.8,"26,884","27,212","21,517","16,204","18,641","22,986","29,599","33,607","23,951","17,416","14,128","12,031","10,179","8,050","6,218","3,702","2,230","1,767",9.1,9.2,7.3,5.5,6.3,7.8,10.0,11.3,8.1,5.9,4.8,4.1,3.4,2.7,2.1,1.2,0.8,0.6,"4,823",1.88,911,5.6,"20,924","16,205","4,719","1,205","3,109","-1,904","2,511",0.9,4.3,2.7,2.8,2.1,7.4,3.3,21.4,1.1,2.9,"139,921",47.9,2.8,35.6,14.5,9.9,-,6.6,23.4,7.2,"207,715","68,829","15,467",71.1,23.6,5.3,"145,394",49.8,468,"2,681",0.2,1.2,
Yarra City Council,2021,"91,521","4,683.3","44,940","46,581",34.8,34.1,34.5,"71,241",77.8,"1,869","1,566","1,401","1,198","3,146","6,721","6,778","4,657","3,328","2,694","2,503","2,368","1,937","1,518","1,355",877,540,484,4.2,3.5,3.1,2.7,7.0,15.0,15.1,10.4,7.4,6.0,5.6,5.3,4.3,3.4,3.0,2.0,1.2,1.1,"1,871","1,567","1,459","1,452","3,819","7,555","6,518","4,242","3,060","2,574","2,514","2,129","2,048","1,727","1,541","1,039",699,767,4.0,3.4,3.1,3.1,8.2,16.2,14.0,9.1,6.6,5.5,5.4,4.6,4.4,3.7,3.3,2.2,1.5,1.6,"3,740","3,133","2,860","2,650","6,965","14,276","13,296","8,899","6,388","5,268","5,017","4,497","3,985","3,245","2,896","1,916","1,239","1,251",4.1,3.4,3.1,2.9,7.6,15.6,14.5,9.7,7.0,5.8,5.5,4.9,4.4,3.5,3.2,2.1,1.4,1.4,964,0.98,384,5.0,"11,369","13,613","-2,244",680,"2,393","-1,713",513,0.6,3.1,7.2,3.4,1.1,5.5,2.5,1.4,2.6,1.7,"25,774",28.6,3.4,25.9,0.8,2.4,0.7,0.4,59.6,6.8,"74,517","11,200","4,398",82.7,12.4,4.9,"18,021",20.0,113,754,0.1,0.9,
Yarra Ranges Shire Council,2021,"157,421",63.8,"78,226","79,195",39.1,41.1,40.1,"100,647",63.9,"4,992","5,143","5,291","4,996","4,649","4,589","5,265","5,174","4,835","5,322","5,316","5,050","4,848","4,029","3,631","2,593","1,443","1,060",6.4,6.6,6.8,6.4,5.9,5.9,6.7,6.6,6.2,6.8,6.8,6.5,6.2,5.2,4.6,3.3,1.8,1.4,"4,581","4,805","4,873","4,579","4,241","4,519","5,329","5,478","5,055","5,455","5,525","5,350","5,072","4,469","4,030","2,656","1,645","1,533",5.8,6.1,6.2,5.8,5.4,5.7,6.7,6.9,6.4,6.9,7.0,6.8,6.4,5.6,5.1,3.4,2.1,1.9,"9,573","9,948","10,164","9,575","8,890","9,108","10,594","10,652","9,890","10,777","10,841","10,400","9,920","8,498","7,661","5,249","3,088","2,593",6.1,6.3,6.5,6.1,5.6,5.8,6.7,6.8,6.3,6.8,6.9,6.6,6.3,5.4,4.9,3.3,2.0,1.6,"1,896",1.79,931,4.9,"9,034","10,690","-1,656",159,409,-250,"1,713",1.1,1.3,7.9,1.5,0.4,2.1,0.9,1.1,0.8,0.8,"26,240",16.8,1.0,37.8,0.5,0.3,0.1,0.6,53.9,5.8,"141,486","9,248","5,331",90.7,5.9,3.4,"12,438",8.0,141,"2,768",0.1,2.2,
Yarriambiack Shire Council,2021,"6,510",0.9,"3,318","3,192",50.9,52.5,51.9,"3,627",55.7,164,178,221,182,145,150,156,148,128,154,197,266,319,265,236,174,106,129,4.9,5.4,6.7,5.5,4.4,4.5,4.7,4.5,3.9,4.6,5.9,8.0,9.6,8.0,7.1,5.2,3.2,3.9,125,149,187,160,103,135,164,145,155,157,231,254,278,251,217,187,132,162,3.9,4.7,5.9,5.0,3.2,4.2,5.1,4.5,4.9,4.9,7.2,8.0,8.7,7.9,6.8,5.9,4.1,5.1,289,327,408,342,248,285,320,293,283,311,428,520,597,516,453,361,238,291,4.4,5.0,6.3,5.3,3.8,4.4,4.9,4.5,4.3,4.8,6.6,8.0,9.2,7.9,7.0,5.5,3.7,4.5,57,2.06,83,6.6,359,460,-101,4,7,-3,111,1.7,0.9,2.6,0.5,0.2,0.8,0.2,0.9,0.5,0.3,436,6.7,0.5,52.1,0.5,0.5,0.1,0.5,36.8,9.2,"5,885",211,452,89.8,3.2,6.9,193,2.9,6,181,0.1,3.3,